company_name,company_number
Coral Travel,+7 (908) 149-40-05
Алекстур,+7 (930) 422-99-44
Ален,+7 (995) 222-95-77
Pegas Touristik,+7 (473) 238-84-86
Pegas Touristik,+7 (473) 253-25-42
Калейдоскоп путешествий,+7 (473) 241-00-88
Тез тур,+7 (473) 222-09-00
Vog Тур,+7 (473) 255-23-22
1001 Тур,+7 (903) 651-77-42
Левобережное,+7 (473) 230-69-29
ATour,8 (800) 100-86-97
Fun&Sun,+7 (953) 119-06-03
Розовый слон,+7 (903) 651-13-33
Круиз,+7 (473) 222-70-85
Coral Travel,+7 (473) 269-55-94
Федерация туризма,8 (800) 200-11-63
Anex Tour,+7 (473) 200-78-31
Anex shop,8 (800) 700-59-60
Чемодан,+7 (910) 738-35-57
Макстур,+7 (951) 860-05-02
Summer Tour,+7 (908) 144-64-91
Well Travel,+7 (995) 621-72-65
Слетать.ру,+7 (995) 494-99-95
Пегас Туристик,+7 (905) 053-04-44
Fun&Sun,+7 (473) 250-75-65
Натали-Трэвел,+7 (473) 220-76-76
Русь,+7 (473) 239-07-39
Туристическое агентство Лайф-Трэвел,+7 (473) 252-01-59
Victory travel club,+7 (920) 441-22-81
Имидж Тур,+7 (473) 255-91-41
Весь мир в кармане,+7 (473) 240-00-00
Travel Collection,+7 (900) 925-80-28
Дик-тур,+7 (473) 202-00-02
Ольвия,+7 (473) 291-38-38
Куда.ru,+7 (951) 552-41-88
Курочка у моря,+7 (952) 958-54-97
Атмосфера туризма,+7 (473) 257-25-77
Sunmar,+7 (473) 259-70-36
Дискавери,+7 (473) 255-58-87
Ривьера,+7 (919) 239-17-79
Федерация туризма,+7 (473) 239-92-27
Geo Travel,+7 (473) 250-25-22
Борнео,+7 (473) 239-50-31
Тва-Экспресс,+7 (473) 250-50-50
Твой мир,+7 (473) 256-73-00
Стерх Тур,+7 (905) 650-30-99
Kiria Tour,+7 (999) 722-72-20
Алые паруса,+7 (960) 121-59-02
Русь,+7 (473) 239-07-39
Tui,+7 (910) 284-75-45
Альфа-вояж,+7 (909) 216-77-09
Касабланка,+7 (903) 651-92-67
Круиз,+7 (473) 251-90-50
Fun&Sun,+7 (920) 229-52-15
Экспресс-Вояж,+7 (473) 255-44-12
Азбука Успеха,+7 (920) 218-03-83
Интур-Воронеж,+7 (473) 264-43-43
Новая колея,+7 (920) 220-49-51
Гид,+7 (961) 613-16-96
Нескучный день,+7 (961) 189-97-40
Pac Group,8 (800) 555-90-90
Сезон Путешествий,+7 (908) 145-96-95
VIP сервис,+7 (920) 213-13-76
Авиатур,+7 (473) 252-38-69
Агентство путешествий Kape - Тур,+7 (903) 653-03-63
Счастливый турист,+7 (915) 587-99-12
Первый класс,+7 (900) 944-57-40
Pac Group,8 (800) 555-90-90
МореКаждыйДень,+7 (980) 230-93-93
Глория,+7 (951) 556-19-96
Азимут 360,8 (800) 333-10-04
Коктейль-Тревел,+7 (473) 262-17-42
Мега-тур,+7 (908) 141-54-02
Пятница,+7 (473) 253-00-26
Fun&Sun,8 (800) 775-77-58
Азбука путешествий,+7 (473) 240-34-74
Регион Сервис,+7 (473) 277-91-93
SeaTure,+7 (930) 401-90-88
Глобус,+7 (952) 952-41-36
Туризм 36,+7 (951) 545-82-52
Нео трэвел,+7 (910) 348-23-64
Vремя отдыха,+7 (473) 226-98-63
Семь морей,+7 (473) 277-01-03
Анастасия тур,+7 (747) 361-07-07
Online,+7 (920) 445-27-84
Viva Лето,+7 (473) 291-23-41
Fly tour,+7 (952) 954-39-41
Звездное небо,8 (800) 775-90-59
Ваш костюм,+7 (473) 228-16-90
Lime,+7 (473) 212-23-35
Zolla,+7 (473) 206-69-28
Zarina,8 (800) 700-57-14
Familia,8 (800) 100-33-90
Terranova,+7 (473) 257-93-72
O'STIN,8 (800) 777-49-99
sela,8 (800) 700-37-37 (доб. 14329)
Familia,8 (800) 100-33-90
Desire,+7 (473) 202-07-37
befree,8 (800) 250-01-02
Seanna,+7 (910) 288-88-66
Brookss,+7 (936) 275-88-88
Svyatnyh,+7 (980) 349-47-45
4 Сезона,+7 (960) 107-11-90
Твое,+7 (968) 637-36-25
Снежная королева,8 (800) 777-89-99
Love Republic,8 (800) 300-77-55 (доб. 6173)
Надежда Дорохова,+7 (473) 278-18-74
Carla,+7 (951) 868-80-28
Ttf,+7 (900) 304-51-05
Venzanо,+7 (473) 257-59-75
Твое,8 (800) 555-56-96
Yollo,8 (800) 101-30-03
ЛицейСтиль,+7 (473) 202-85-50
Redberry,+7 (473) 228-84-00
4 Сезона,+7 (980) 559-04-00
Wow,+7 (960) 133-66-11
Эдель,+7 (903) 155-77-11
Modis,8 (800) 700-57-00
Emporio Armani,+7 (910) 041-99-99
Милитарист,+7 (900) 690-85-24
Acoola,+7 (812) 322-11-22
Modis,8 (800) 700-57-00
Alexander,+7 (951) 878-84-00
Коллекции,+7 (473) 294-33-49
Finn Flare,8 (800) 700-99-88 (доб. 3007)
New Yorker,+7 (473) 261-84-95
Тамбовчанка,+7 (900) 519-10-36
Familia,8 (800) 100-33-90
Луна,+7 (920) 215-94-52
Design Market,+7 (951) 873-30-03
oodji,8 (800) 700-89-29
Секция,+7 (909) 210-51-05
Innamorato,+7 (910) 282-43-22
WoW,+7 (960) 108-02-02
МодАрт,+7 (473) 251-95-10
Бети Баркли,+7 (473) 293-59-35
Silvashi,8 (800) 700-19-89
Ohh My,+7 (919) 252-40-51
Maniera,+7 (473) 255-90-86
Заходи,+7 (910) 248-38-59
Cocktail,+7 (473) 252-28-29
Zolla,+7 (473) 261-70-22
Брюки,+7 (900) 302-03-35
Egoist,+7 (473) 255-73-00
Заходи!,+7 (910) 345-33-85
Corleone,+7 (473) 292-39-61
Фиджи,+7 (960) 113-88-48
Olian,+7 (920) 444-64-77
Fashion Week Outlet,+7 (473) 257-93-64
Redberry,+7 (473) 228-84-00
Lusio,8 (800) 551-66-30
Модный дом Татьяны Сулиминой,+7 (473) 259-38-93
Prestige,+7 (908) 131-18-00
Mr. Suit,+7 (900) 958-28-50
Элегант Леди,+7 (473) 212-26-39
FunDay,8 (800) 770-01-01
Твоё,8 (800) 555-56-96
Реноме,+7 (473) 253-16-88
Bontoria,+7 (980) 554-28-87
Truvor,+7 (8112) 68-61-72
Zolla,+7 (473) 261-84-61
Family Store,+7 (910) 345-33-85
Familia,8 (800) 100-33-90
Shpilka,+7 (908) 134-13-35
Тамбовчанка,+7 (900) 519-10-36
Сан Марко,+7 (473) 220-43-99
O'STIN,8 (800) 777-49-99
Livello,+7 (473) 251-92-19
Модели сезона,+7 (473) 277-29-91
Cocktail,+7 (473) 251-97-58
Innamorato,+7 (910) 282-43-22
Queen,+7 (473) 333-49-10
Bontoria,+7 (950) 767-26-02
Modis,8 (800) 700-57-00
Комильфо,+7 (473) 255-52-62
Tom Tailor,+7 (473) 257-93-54
Alaska,+7 (473) 224-09-46
Семья,+7 (923) 744-77-77
Truvor,+7 (473) 262-95-84
Гардероб,+7 (951) 851-93-71
Colin's,+7 (473) 212-20-35
Levi's,+7 (995) 148-63-86
Panda Shop,+7 (920) 228-99-34
Воронежский трикотаж,+7 (473) 277-13-85
Calliope,+7 (473) 233-12-30
Цикл,+7 (960) 139-95-82
Lacoste,+7 (495) 268-03-12 (доб. 352)
Dress Code IT,+7 (473) 264-47-30
befree,8 (800) 250-01-02
Лиса,+7 (951) 562-20-39
Lady Sh,+7 (952) 542-19-49
Твой день,+7 (952) 957-92-56
Chic You,+7 (473) 222-95-55
sela,8 (800) 700-37-37 (доб. 14501)
Veshalka,+7 (915) 543-05-55
Zarina,8 (800) 707-06-66
Queen,+7 (473) 229-93-10
Джинс Сити,+7 (473) 255-63-20
Консул,+7 (473) 226-18-11
Hugo Boss,+7 (473) 257-93-07
Maрк Кейн,+7 (929) 008-38-83
Calvin Klein Jeans,+7 (473) 261-99-94
Zolla,+7 (473) 269-55-67
Cocktail,+7 (473) 254-54-04
Эллада,+7 (910) 288-89-00
befree,+7 (473) 261-69-26
СИН,+7 (473) 300-32-93 (доб. 6412658)
Bessini,+7 (903) 286-93-49
Brand Stars,+7 (920) 423-16-26
Bon&Bon,+7 (920) 443-00-28
Bogner,+7 (473) 255-49-27
Elis,+7 (473) 261-84-51
Yollo,8 (800) 333-03-54
Заходи!,+7 (951) 550-09-59
SuperStep,+7 (473) 261-99-99 (доб. 731)
Брюки,+7 (951) 566-10-75
XStyle,+7 (908) 132-42-90
Радость,+7 (473) 271-12-02
Style Zone,+7 (960) 136-39-88
Радость,+7 (473) 271-12-02
Style Zone,+7 (960) 136-39-88
Силуэт,+7 (473) 222-13-21
LaRoom Shop,+7 (906) 583-86-50
Darina,+7 (953) 622-33-00
Episode,+7 (473) 255-15-33
Мачо,+7 (919) 247-89-98
Мужской стиль,+7 (903) 651-36-64
Елецкие кружева,+7 (980) 354-91-19
Jole Morele,+7 (960) 138-79-93
Ленок,+7 (952) 952-41-52
Doors,+7 (473) 264-46-44
Люкс,+7 (920) 214-62-56
Елена,+7 (473) 280-27-87
Teatro,+7 (952) 107-10-22
Love Republic,8 (800) 300-77-55 (доб. 6172)
Teatro,+7 (952) 107-10-22
Love Republic,8 (800) 300-77-55 (доб. 6172)
Redberry,+7 (473) 228-84-00
Big Men,+7 (473) 233-25-30
Svetlana Zaitseva,+7 (473) 200-73-14
Георг,+7 (473) 239-29-15
Сундучок,+7 (910) 240-81-28
Momo,+7 (473) 257-93-25
Fantasy,+7 (980) 344-55-94
Подиум,+7 (473) 277-61-53
Игорь Дорохов,+7 (473) 251-64-65
Джинс-Маркет,+7 (473) 251-77-36
M Shop,+7 (961) 064-50-24
+It Men,+7 (473) 257-93-68
Bessini,+7 (903) 286-93-49
M Shop,+7 (961) 064-50-24
+It Men,+7 (473) 257-93-68
Like Me,+7 (915) 586-15-29
Kanzler,+7 (473) 212-20-25
Мачо,+7 (473) 294-90-49
Лолита,+7 (905) 652-40-50
ЦУМ,+7 (903) 420-60-00
Mon Amie,+7 (920) 460-52-21
Xc,+7 (473) 300-32-93 (доб. 6112277)
Forward,+7 (920) 211-84-02
Tezenis,+7 (473) 261-59-07
Felici,+7 (909) 212-50-50
Olian,8 (800) 555-14-74
ЦУМ,+7 (903) 420-60-00
Mon Amie,+7 (920) 460-52-21
Xc,+7 (473) 300-32-93 (доб. 6112277)
Zaryad,+7 (473) 295-94-69
Forward,+7 (920) 211-84-02
Алиби,+7 (920) 409-28-58
Elis,8 (800) 500-25-14
Top brand,+7 (900) 956-44-15
Black Star Wear,8 (800) 555-89-13
Алиби,+7 (920) 409-28-58
Elis,8 (800) 500-25-14
9 Месяцев,+7 (903) 653-77-21 (доб. 89802450218)
Innamorato,+7 (910) 282-43-22
Top brand,+7 (900) 956-44-15
Джинс Сити,+7 (473) 261-88-77
Levis Mustang,+7 (473) 228-77-35
True woman,+7 (980) 344-85-79
Магия моды,+7 (473) 239-00-93
Мужской вкус,+7 (473) 257-93-53
Jeans City,+7 (473) 269-55-95
True woman,+7 (980) 344-85-79
Чароит,+7 (473) 254-56-03
Секонд-хенд ВО! ВА!,+7 (980) 541-11-14
Магия моды,+7 (473) 239-00-93
Мужской вкус,+7 (473) 257-93-53
Lola,+7 (906) 673-73-22
Статус,+7 (473) 271-15-21
Vdr,+7 (919) 231-41-13
Красивая дома,+7 (920) 213-05-19
Заходи!,+7 (910) 345-33-85
E. Feerman Shop,+7 (919) 237-57-15
Комплимент,+7 (920) 212-73-16
Красивая дома,+7 (920) 213-05-19
Леон,+7 (951) 555-56-06
Clothes,+7 (952) 559-89-79
Sartoria,+7 (910) 249-15-29
Белорусский трикотаж,+7 (905) 655-28-12
Viterkova Shop,+7 (910) 246-67-71
Caterina Leman,+7 (473) 297-00-08
Clothes,+7 (952) 559-89-79
Sartoria,+7 (910) 249-15-29
Белорусский трикотаж,+7 (905) 655-28-12
Viterkova Shop,+7 (910) 246-67-71
Caterina Leman,+7 (473) 297-00-08
Doganlar. TM,+7 (999) 722-00-15
Lamoda,8 (800) 700-64-46
LC Waikiki,8 (800) 511-05-29
Doganlar. TM,+7 (999) 722-00-15
Lamoda,8 (800) 700-64-46
LC Waikiki,8 (800) 511-05-29
Point Market,+7 (999) 720-99-96
Магазин мужской одежды Не снимай,+7 (951) 853-04-95
Смешные Цены,+7 (920) 421-54-34
Секонд-хенд ВО! ВА!,+7 (980) 554-44-49
Алмари,+7 (473) 239-03-26
Магазин мужской одежды Не снимай,+7 (951) 853-04-95
Смешные Цены,+7 (920) 421-54-34
Секонд-хенд ВО! ВА!,+7 (980) 554-44-49
Алмари,+7 (473) 239-03-26
Alexander Bogdanov,8 (800) 551-90-50
Магазин одежды,+7 (908) 142-00-11
Империя,+7 (473) 264-42-40
Одежда,+7 (960) 112-59-68
Business Line,8 (800) 550-27-73
Avokado,+7 (920) 446-41-69
Doors,+7 (473) 255-00-44
Avokado,+7 (920) 446-41-69
Doors,+7 (473) 255-00-44
Ju Style,+7 (906) 583-77-79
Новый Стиль,+7 (915) 520-00-30
First in Space,+7 (961) 036-23-84
Stefany,+7 (903) 653-77-21 (доб. 89802450218)
U. S. Polo Assn,+7 (952) 558-75-77
Viterkova women,+7 (910) 246-67-71
Модница,+7 (906) 677-16-01
Три пампушки,+7 (952) 547-59-40
U. S. Polo Assn,+7 (952) 558-75-77
Модница,+7 (906) 677-16-01
Три пампушки,+7 (952) 547-59-40
Фартовый костюм,+7 (960) 105-79-71
Галерея моды,+7 (960) 103-26-88
Artem,+7 (920) 424-48-88
ЮниСтайл,+7 (905) 654-72-77
СИН,+7 (473) 300-32-93 (доб. 6412123)
Смешные цены,+7 (922) 435-63-23
Entallado&Moda,+7 (473) 257-93-04
Svetlana Zaitseva,+7 (473) 200-73-14
Svetlana Zaitseva,+7 (473) 200-73-14
Zarina,8 (800) 707-06-66
Флоранж,+7 (908) 141-22-49
Vrn Kostum,+7 (908) 140-19-36
Lexmer,8 (800) 444-01-70
Zolla,+7 (473) 228-03-49
Эверест,+7 (473) 229-65-61
Дефиле,+7 (495) 775-50-32 (доб. 520091)
O'STIN,8 (800) 777-49-99
Джинсы36,+7 (904) 214-80-40
Easy Shop,+7 (906) 582-58-16
Твой стиль,+7 (906) 679-27-06
Viterkova Shop,+7 (910) 246-67-71
Easy Shop,+7 (906) 582-58-16
Твой стиль,+7 (906) 679-27-06
Viterkova Shop,+7 (910) 246-67-71
Armani Exchange,+7 (952) 551-29-82
Магия белья,+7 (920) 445-41-58
Базилик,+7 (920) 418-11-11
Модерн,+7 (919) 239-21-14
Shmot,+7 (950) 779-95-99
Модерн,+7 (919) 239-21-14
Shmot,+7 (950) 779-95-99
Pretty woman,+7 (950) 765-69-26
Wers,+7 (960) 136-44-24
Tsyban,+7 (920) 211-23-25
Judi Story,+7 (915) 127-82-39
Doors,+7 (473) 260-19-00
Vilnius,+7 (915) 587-63-44
Планета джинс,+7 (473) 253-08-25
Street Wear,+7 (980) 538-96-99
Colin's,8 (800) 555-53-26
Женская одежда,+7 (910) 340-56-86
Colin's,8 (800) 555-53-26
Женская одежда,+7 (910) 340-56-86
Studio 44x67,+7 (925) 755-44-67
Мир распродаж,+7 (953) 101-48-62
Sport shick,+7 (951) 569-35-26
Мужская одежда,+7 (951) 546-77-66
New Life,+7 (910) 732-35-35
Kaktus,+7 (920) 227-27-45
Familia,8 (800) 100-33-90
Alteza,+7 (980) 349-66-58
"АктивПром-Плюс, офис",+7 (473) 333-46-25
Kaif Kross,+7 (920) 223-72-36
Estate,+7 (960) 123-22-99
Цыганские наряды,+7 (960) 119-51-41
Pelican,8 (800) 700-58-97
Odel,+7 (995) 615-72-21
Студио Z,+7 (473) 255-91-61
Женские брюки,+7 (473) 222-23-51
Izuminka,+7 (952) 543-57-70
Тамбовчанка,+7 (951) 851-28-40
Kiwi,+7 (960) 121-21-20
Izuminka,+7 (952) 543-57-70
Тамбовчанка,+7 (951) 851-28-40
Lumina,+7 (950) 769-15-52
Элен,+7 (473) 277-61-29
Innamorato,+7 (910) 282-43-22
Клаssные джинсы,+7 (473) 233-30-12
Chic you,+7 (950) 751-51-23
Соблазн,+7 (951) 868-68-72
SneakerBox,+7 (905) 658-77-43
Italy Calzature,+7 (905) 053-64-32
sela,8 (800) 700-37-37 (доб. 14024)
Магазин одежды,+7 (908) 149-47-72
Modern,+7 (473) 256-96-28
Rieker,+7 (473) 229-84-04
Mari,+7 (960) 114-90-45
+It Women,+7 (473) 257-93-68
Finn Flare,8 (800) 700-99-88 (доб. 3091)
Sela,8 (800) 700-37-37
Tal&Ant,+7 (903) 654-38-44
La Vanda,+7 (918) 543-90-65
La Vanda,+7 (918) 543-90-65
Esperto,+7 (903) 650-29-17
Женская одежда 50-70,+7 (919) 237-93-94
Amazing Red,+7 (473) 260-48-12
Lady-Ell,+7 (903) 420-31-98
Дикарь,+7 (903) 858-31-31
Zilli,+7 (995) 038-90-98
Снежная королева,8 (800) 777-89-99
Art. Men,+7 (920) 424-48-88
Nadevai,+7 (993) 368-33-74
Женская одежда,+7 (42444) 8-50-52
Savage,+7 (960) 044-89-65
Inter Style,+7 (903) 655-46-49
Женская одежда,+7 (910) 340-56-86
Stokgolm Outlet,+7 (919) 240-07-97
Italy by Katy,+7 (915) 589-67-27
Val Dress,+7 (920) 424-28-80
Панорама,+7 (930) 404-04-44
Классные джинсы,+7 (473) 252-29-49
Людмила,+7 (951) 549-17-15
Ju style,+7 (906) 583-77-79
Forward,+7 (930) 414-85-85
Moxito,+7 (951) 549-55-16
Вемина Авиапрестиж,+7 (495) 675-67-90
Mio-mio,+7 (920) 229-80-14
Мама папа я,+7 (920) 225-15-52
Gapochka,+7 (473) 333-57-69
Empress,+7 (900) 932-10-32
Soprano,+7 (952) 559-33-95
Lamoda,8 (800) 700-64-46
Multi style,+7 (910) 341-61-91
Магазин джинсовой одежды,+7 (950) 767-78-49
Moon_shop_vrn,+7 (910) 280-33-42
МодАрт,+7 (929) 007-55-25
Мерува,+7 (924) 324-17-00
Джинсoffка,+7 (950) 777-74-31
Lamoda,8 (800) 700-64-46
Джинс Маркет,+7 (903) 858-55-35
Top style,+7 (952) 543-91-20
Jeans Club,+7 (473) 261-99-94
Kross Boom,+7 (952) 559-79-00
District Kicks & Apparel,+7 (930) 414-36-31
Lacoste,+7 (495) 268-03-12 (доб. 337)
Стиль,+7 (951) 867-88-96
Я Красивая!,+7 (920) 414-00-53
True woman,+7 (951) 860-27-97
In. Cloths,+7 (930) 400-74-80
Leidiro,+7 (953) 119-47-23
FdSport,+7 (960) 139-47-77
Арен,+7 (952) 959-75-89
Ивановский текстиль,+7 (980) 543-35-31
Whitney jeans,+7 (473) 257-95-05
Mf,8 (800) 301-02-16
Corleone,+7 (910) 749-77-37
Прометей,+7 (950) 772-63-27
Top Jeans,+7 (980) 247-70-30
Redberry,+7 (473) 228-84-00
Крокодил Luxe,+7 (900) 956-70-28
Lamoda,8 (800) 700-64-46
Sofeka,+7 (951) 146-02-45
Like,+7 (908) 133-57-15
Для меня любимой,+7 (903) 650-07-21
Set Eska,+7 (920) 546-35-49
Анна,+7 (903) 855-33-13
Bravo,+7 (915) 544-09-20
Джинс Подиум,+7 (915) 543-22-55
Yollo,8 (800) 333-03-54
Status,+7 (960) 103-00-30
Мечты Сбываются,+7 (950) 770-61-21
Shoes for You,+7 (952) 952-46-31
Текстиль,+7 (920) 418-89-88
Твой стиль,+7 (906) 679-27-06
Домашний текстиль,+7 (908) 149-47-72
Tur. Store Style,+7 (950) 771-96-52
Ивановский текстиль,+7 (995) 146-79-22
Mi. lumi,+7 (919) 243-87-97
Lamoda,8 (800) 700-64-46
Текстильный микс,+7 (920) 406-46-17
Алиса и шкаф,+7 (910) 280-22-55
Элегант леди Ledinika,+7 (902) 727-58-28
Naomi,+7 (473) 255-12-63
Inna Levchenko,+7 (960) 120-33-77
Стиль трикотаж,8 (800) 600-93-31
Point. Rf,+7 (999) 720-99-96
Estate,+7 (920) 416-77-88
SuperStep,+7 (495) 664-22-23 (доб. 723)
Сабрина,+7 (908) 140-96-12
Традиция,+7 (910) 341-22-50
Таири,+7 (920) 211-20-31
Галерея,8 (800) 700-78-00
Lo Studio,+7 (999) 403-77-77
Zarina,8 (800) 700-57-14
Shoes4You,+7 (952) 952-46-31
Bizart,+7 (980) 230-13-13
Geox Respira,+7 (910) 273-00-20
Chic You,+7 (950) 751-51-23
Business line,8 (800) 550-27-73
Like,+7 (950) 767-19-75
Black & White,+7 (951) 562-95-55
Carducci,+7 (919) 236-57-32
Ивановский текстиль,+7 (910) 241-86-68
Provence,+7 (952) 958-70-30
Like Me,+7 (920) 437-07-74
Верона,+7 (961) 184-44-90
Nikki Beach,+7 (920) 418-32-38
Biscuit,+7 (473) 202-47-77
Suliko Belucci,+7 (920) 427-44-44
Just,+7 (960) 138-32-28
Кинzа-Dза,+7 (473) 261-61-91
Jumanji,+7 (473) 253-33-60
Тифлис,+7 (473) 239-36-00
Коптильня,+7 (473) 202-70-07
Стрекоза,+7 (473) 235-55-99
Старик Хинкалыч,+7 (905) 650-44-22
Ампир,+7 (920) 211-61-11
Pitnica,+7 (473) 251-42-32
Старый город,+7 (473) 255-39-82
Torro Grill,+7 (473) 210-00-01
Bar Luskoni,+7 (473) 253-33-21
Мельба,+7 (473) 278-31-30
Рица,+7 (952) 957-90-21
Югославия,+7 (473) 272-22-73
Brugger,+7 (473) 222-47-89
Brugger,+7 (473) 295-47-05
Современники,+7 (930) 419-10-10
Пятница,+7 (473) 269-44-56
Такима,+7 (960) 119-42-67
Palmer Cafe,+7 (996) 824-25-16
ШеFf,+7 (473) 232-44-40
Эбби,+7 (920) 414-79-88
Варибаси,+7 (473) 255-51-55
Brazeiro,+7 (473) 230-63-33
Pitnica,+7 (473) 254-30-33
Хинкальная,+7 (473) 229-15-14
Руккола,+7 (900) 955-20-87
Камыши,+7 (909) 217-17-17
Park,+7 (473) 228-83-87
Borjia,+7 (903) 859-70-78
Волконский,+7 (473) 210-65-89
Тихая Заводь,+7 (473) 244-20-40
Самарканд,+7 (962) 327-00-07
Бахор,+7 (473) 228-12-22
Studio 23,+7 (920) 223-23-23
Burger House,+7 (473) 251-95-59
Ule Thai,+7 (919) 230-20-36
Оскар,+7 (960) 135-54-58
Лукоморье,+7 (473) 251-64-14
Шашлычный двор,+7 (900) 927-53-12
Кулинарная лавка Варвары,+7 (950) 774-21-00
Les,+7 (999) 722-23-23
Томато,+7 (473) 211-32-13
The Voda,+7 (473) 269-40-50
Кофе рояль,+7 (920) 403-78-13
Real Cost,+7 (920) 414-82-17
Теремок,+7 (951) 565-14-47
Milano Ricci,+7 (473) 246-90-32
Пивасий,+7 (920) 225-47-47
Pitnica Юго-Запад,+7 (900) 299-69-69
Осетинские пироги,+7 (960) 115-35-55
Perfetto,+7 (473) 222-19-00
V Element,+7 (920) 436-69-02
Сан Ремо,8 (800) 770-72-88
Узбечка,+7 (473) 294-31-31
Sentimento,+7 (473) 273-73-73
Авиа-паб Авиатор,+7 (473) 250-95-59
КруаСам,+7 (900) 951-70-05
Томато,+7 (473) 211-22-69
Cherry,+7 (930) 404-05-40
Томато,+7 (473) 211-31-95
Баранкин,+7 (473) 251-45-93
Огни,+7 (900) 946-20-06
Status,+7 (473) 222-55-77
Вера Фёдоровна,+7 (919) 186-79-58
Жар Пицца,8 (800) 500-42-42
Barak O'mama,+7 (473) 255-00-99
Буревестник,+7 (920) 225-92-92
Баранкин,+7 (473) 280-20-08
1917,+7 (473) 222-03-90
Пятый элемент,+7 (920) 436-69-02
Chili,+7 (920) 444-10-44
Sweeter,+7 (920) 438-60-60
Легенда,+7 (920) 444-04-59
Valentino,+7 (473) 233-12-33
Пышечная Культурно Коротко,+7 (961) 109-28-57
Ташкент,+7 (995) 040-06-19
Курский,+7 (473) 278-78-80
Кафе,+7 (473) 280-14-50
San Remo,8 (800) 770-72-88
Avenue,+7 (473) 206-58-58
Гурман,+7 (960) 131-11-14
О’Хара,+7 (473) 241-22-22
Томато,+7 (473) 211-31-43
Моне,+7 (920) 409-82-51
Центр шашлыка на Московском,+7 (910) 749-88-88
Четыре комнаты,+7 (473) 255-95-59
San Remo,8 (800) 770-72-88
Гурман,+7 (960) 131-11-14
О’Хара,+7 (473) 241-22-22
Pit Stop,+7 (930) 427-90-00
Центр шашлыка на Московском,+7 (910) 749-88-88
Чайхана,+7 (960) 118-98-98
Рюмочная Культурно Коротко,+7 (900) 963-97-08
Кулинарная лавка Варвары,+7 (473) 253-29-92
Мегаполис,+7 (473) 229-50-28
Аватар,+7 (951) 872-72-88
Гранат,+7 (905) 659-08-38
Setka Urban Bar,+7 (920) 220-27-22
Finch,+7 (960) 130-97-37
Баранкин,+7 (473) 202-19-72
Гранат,+7 (905) 659-08-38
Finch,+7 (960) 130-97-37
Гараж,+7 (960) 116-62-39
Баранкин,+7 (473) 202-19-72
Томато,+7 (473) 211-35-57
Пицца Куба,+7 (473) 222-16-16
Mr. Parrot,+7 (919) 188-48-04
Кулинарная лавка Варвары,+7 (473) 280-28-98
Ван,+7 (473) 258-38-89
Нуга,+7 (950) 774-43-77
Charly,+7 (904) 210-31-22
Дружба,+7 (920) 411-81-83
Кулинарная лавка Варвары,+7 (473) 280-28-98
Тут так не принято,+7 (980) 553-89-76
Пицца Куба,+7 (473) 222-16-16
Ван,+7 (473) 258-38-89
Казачья станица,+7 (915) 548-77-79
Нуга,+7 (950) 774-43-77
Charly,+7 (904) 210-31-22
Шашлычная Баркас,+7 (980) 242-20-90
Voron,+7 (980) 551-72-40
Шашлычный ресторанчик,+7 (960) 101-81-11
Bnl,+7 (910) 024-08-08
Шашлычный ресторанчик,+7 (960) 101-81-11
Чашка,+7 (995) 669-50-19
Bnl,+7 (910) 024-08-08
Папа Джонс,+7 (473) 260-22-33 (доб. 3)
Just Falafel,+7 (900) 308-10-88
No name pizza,+7 (473) 229-44-20
В Кульке,+7 (903) 030-11-88
Чашка,+7 (995) 669-50-19
Bnl,+7 (910) 024-08-08
Папа Джонс,+7 (473) 260-22-33 (доб. 3)
Just Falafel,+7 (900) 308-10-88
No name pizza,+7 (473) 229-44-20
Шаурма Room,+7 (904) 214-00-40
Risoy,8 (800) 222-80-73
Amo,+7 (910) 342-50-00
New Culture Coffee,+7 (919) 242-53-04
Центр плова,+7 (999) 927-97-71
Арсенал,+7 (939) 775-49-12
Coffee Way,+7 (4742) 55-10-06
Они в баре,+7 (930) 416-33-33
Surf Coffee X Agua,+7 (908) 136-46-92
Amo,+7 (910) 342-50-00
Фэнси,+7 (960) 135-67-37
Round Pizza-Bar & КК,+7 (960) 135-72-14
Реберная LaBarbecue,+7 (473) 202-11-90
Столовая,+7 (920) 413-44-44
Баранкин,+7 (473) 335-52-45
Марципан,+7 (960) 132-50-44
Base,+7 (920) 466-62-24
Epic Pizza,+7 (473) 228-62-22
Столовая,+7 (920) 413-44-44
True&Evil,+7 (906) 680-53-00
Sushi Slim,+7 (919) 245-09-99
Вкусный-рай,+7 (960) 108-62-00
Epic Pizza,+7 (473) 228-62-22
Black&White Coffee,+7 (926) 113-33-99
Столовая,+7 (920) 413-44-44
Sushi Slim,+7 (919) 245-09-99
Дон Антонио,+7 (960) 102-51-51
Cinnabon,+7 (951) 563-28-36
Pintagon,+7 (473) 233-85-11
Штолле,+7 (473) 235-69-99
Eat Pizza,+7 (995) 669-50-64
Баранкин,+7 (473) 280-21-80
Столовая,+7 (920) 413-44-44
Штолле,+7 (473) 235-69-99
Eat Pizza,+7 (995) 669-50-64
Баранкин,+7 (473) 280-21-80
На углях,+7 (950) 753-35-53
Центр плова,+7 (999) 861-09-39
КиноКофе,+7 (980) 535-50-89
Алекс паб,+7 (473) 253-40-89
Coffee Mood,+7 (960) 131-05-31
Asia,+7 (924) 404-09-92
Le Kebab,+7 (950) 766-66-69
Амели,+7 (915) 589-26-29
Морожка,+7 (911) 320-19-29
Stout House,+7 (960) 134-63-78
Тандырный дом № 1,+7 (961) 614-36-00
Два рубля,+7 (920) 211-84-85
Суши Ива,+7 (960) 131-77-60 (доб. 2)
Марципан,+7 (906) 673-05-88
Барбара Брынза кулинария,+7 (909) 212-78-88
Рубль,+7 (930) 419-55-30
Wild Coffee,+7 (995) 149-48-16
Bright Coffee,+7 (960) 121-28-28
Da Capo al Coffee,+7 (951) 544-66-85
СушиЛка,+7 (473) 295-95-95
День пиццы,+7 (473) 202-61-61
Папа Джонс,+7 (473) 260-22-33
Sushi Iva,+7 (960) 131-77-60 (доб. 3)
Пицца Гусь,8 (800) 600-52-09
Домашняя кухня,+7 (960) 131-03-97
Penka,+7 (473) 202-30-60
Лаваш 36,+7 (951) 871-33-66
San Remo,8 (800) 770-72-88
Paco,+7 (920) 409-99-69
Coffee Like,8 (800) 333-41-30
San Remo,8 (800) 770-72-88
Ниндзя ФУД,8 (800) 555-03-23
Впузо,+7 (999) 828-20-82
Magic Coffee,+7 (980) 400-08-88
Два Рубля,+7 (920) 218-34-43
Coffee Noffee,+7 (920) 219-93-19
Кофе с дудочкой,+7 (958) 649-17-02
Папа Джонс,+7 (473) 260-22-33
Сова,+7 (906) 677-15-67
Свобода,+7 (980) 556-53-34
Surf Coffee X Raley,+7 (951) 861-83-94
Кофе с дудочкой,+7 (958) 649-17-02
Папа Джонс,+7 (473) 260-22-33
Среда,+7 (920) 437-10-20
Шоколадница,+7 (905) 051-39-03
Кофеин,+7 (908) 137-34-35
Шоколадница,+7 (905) 051-39-03
Стардог's,+7 (495) 540-57-23
Dice Coffee,+7 (473) 211-01-58
Soul,+7 (920) 420-74-37
Coffee Way,+7 (4742) 55-10-06
Coffee Way,+7 (920) 409-99-69
La Pizza,+7 (952) 952-84-84
Кофейное депо,+7 (920) 418-51-03
Скоро Пицца,+7 (931) 009-41-09
One Price Coffee,+7 (495) 015-31-50
Пицца на камне,+7 (930) 420-21-91
Круассан & Ко,+7 (993) 294-50-50
Coffee Like,8 (800) 333-41-30
Coffee Like,8 (800) 333-41-30
Sweet Moments,+7 (903) 857-26-90
Волконский,+7 (930) 429-60-81
Суши ива,+7 (960) 131-77-60 (доб. 1)
MYBOX,8 (800) 700-01-10
Мяурум,+7 (950) 757-68-62
Эстор,+7 (920) 229-19-89
Coffee Way,+7 (4742) 55-10-06
Три гуся,+7 (980) 546-76-02
Sweeter,+7 (473) 228-66-58
Buntaro,8 (800) 100-97-30
Rene,+7 (961) 029-99-90
Кофе Смайл,+7 (920) 428-44-27
Buntaro,+7 (958) 509-76-24
Buntaro,+7 (958) 509-76-24
Coffee Like,8 (800) 333-41-30
Coffee Like,8 (800) 333-41-30
Wаверма,+7 (906) 673-76-12
Пастерия Vысота,+7 (919) 217-17-17
Coffee Like,8 (800) 333-41-30
San Remo,8 (800) 770-72-88
Суши край,+7 (960) 121-39-38
JoJo,+7 (996) 452-35-71
Кофесварим,+7 (915) 547-14-58
Buntaro,+7 (958) 509-76-24
Hotfix Coffee,+7 (919) 169-94-83
Совы,+7 (910) 282-03-34
Coffee Like,8 (800) 333-41-30
Sweeter,+7 (473) 228-66-58
Хлебзавод,8 (800) 350-18-50
Сам пицца,+7 (919) 241-50-70
Солнечный Альянс,+7 (951) 873-74-54
Дубрава,+7 (900) 959-67-88
Жар Пицца,8 (800) 500-42-42
Пиццерия-пекарня,+7 (950) 750-26-56
Coffee house,+7 (952) 753-81-81
Wild Coffee,+7 (995) 149-48-16
Хорошо,+7 (951) 865-35-89
Coffee Effos,+7 (906) 677-18-46
Welcome Coffee,+7 (952) 555-81-31
Coffee Like,+7 (3412) 90-82-92
Buntaro,+7 (958) 509-76-24
Buntaro,+7 (902) 135-04-78
Хлебзавод,8 (800) 350-18-50
Русский Аппетит,8 (800) 700-33-73
Coffee Like,8 (800) 333-41-30
Кофе+,+7 (951) 863-59-12
Русский Аппетит,8 (800) 700-33-73
Buntaro,+7 (920) 229-25-52
Николя Пицца,+7 (903) 851-73-33
Buntaro,+7 (958) 509-76-24
Buntaro,+7 (920) 229-25-52
Ко-Фея,+7 (996) 450-82-04
Мокко,+7 (900) 302-61-91
Русский Аппетит,8 (800) 700-33-73
FitCoffee,+7 (951) 871-59-91
CoffeeBreak,+7 (980) 556-88-09
Русский Аппетит,8 (800) 700-33-73
Buntaro,+7 (920) 229-25-52
Пудровые Брови by Julia Surogina,+7 (980) 233-26-49
Салон красоты Елены Прохоровой,+7 (958) 735-72-50
Natali,+7 (473) 203-06-00
Фея,+7 (958) 735-60-46
Allure,+7 (473) 255-35-63
Natali,+7 (473) 203-01-38
Sointera,+7 (473) 202-40-02
Familia Beauty,+7 (920) 211-82-11
Pilim&Krasim,+7 (960) 106-10-20
Vital,+7 (473) 251-96-20
Зебра,+7 (473) 262-29-29
Fox,+7 (961) 602-01-23
Nelly Studio,+7 (952) 956-73-03
Darwin,+7 (920) 455-56-60
Amore Mio,+7 (473) 229-38-59
Лица,+7 (920) 407-69-97
Sugar Nails&Beauty,+7 (473) 207-17-70
Бель,+7 (980) 541-92-50
Империя стиля,+7 (920) 449-47-77
СТ,+7 (958) 735-72-13
Ars,+7 (473) 224-68-63
Марракеш,+7 (473) 226-88-68
Cherry,+7 (473) 259-22-22
Лина,+7 (473) 263-95-88
Перекись,+7 (473) 300-20-40
Darlen,+7 (910) 732-22-92
Ntr Studio,+7 (992) 052-55-11
Valeri,+7 (900) 956-78-80
Эдем,+7 (966) 778-00-52
Лик,+7 (910) 340-76-19
Локон,+7 (910) 744-22-20
Demo Aveda,+7 (473) 212-02-09
Центр коррекции Веса Экослим,+7 (473) 254-85-05
Equal,+7 (903) 030-70-50
Изящная Эпоха,+7 (905) 644-64-43
Mint,+7 (930) 403-18-13
Beauty Space,+7 (920) 216-01-00
Vyacheslav Svetkin studio,+7 (999) 720-99-17
Мастерская колористики,+7 (951) 552-74-11
Невский,+7 (473) 235-07-04
Avenue Moscow,+7 (473) 296-32-59
Draiff,+7 (961) 028-86-68
Zerkalo,+7 (900) 948-59-57
Sахар,+7 (473) 228-50-05
Miloco,+7 (901) 193-76-43
Райская Птица,+7 (473) 222-15-08
The Salon,+7 (473) 210-80-40
Grushka,+7 (905) 809-04-31
Перец,+7 (473) 229-97-87
Студия красоты Ксении Саркисовой,+7 (920) 211-74-39
Локон,+7 (473) 294-16-51
Олимп,+7 (473) 249-09-82
Dzen,+7 (960) 122-99-66
Черника,+7 (473) 207-04-25 (доб. 4)
Natali,+7 (473) 203-01-23
Место под солнцем,+7 (473) 271-17-87
Время красоты,+7 (903) 420-89-47
Artishock,+7 (919) 240-12-12
Место Красоты,+7 (951) 858-19-19
Империя стиля,+7 (951) 855-56-73
KuDri,+7 (961) 109-29-18
Бьютера New,+7 (980) 555-46-13
Пинки,+7 (473) 205-26-76
Mrs. Right,+7 (473) 280-10-20
LiveHair,+7 (995) 251-30-40
Премьера,+7 (903) 856-25-48
Лайм,+7 (901) 193-95-02
Лиса,+7 (910) 287-31-61
Арт-Студия красоты Рузанны Хадарцевой,+7 (952) 544-50-02
Flower,+7 (952) 103-11-15
In Love,+7 (961) 188-90-21
Катрин,+7 (960) 114-23-23
Aqua & beauty,+7 (920) 464-81-19
Отражение,+7 (952) 105-04-68
Парикмахерская,+7 (999) 404-30-54
Asmix nails,+7 (950) 775-32-24
Elvi,+7 (900) 951-06-46
Ретро,+7 (910) 749-80-45
Клеопатра,+7 (920) 468-94-32
Karry Beauty Room,+7 (952) 554-99-66
Легенда,+7 (920) 222-44-33
Для Вас,+7 (915) 541-17-97
Студия Шульце,+7 (473) 300-31-86
Млада,+7 (915) 583-75-07
Студия Шульце,+7 (473) 300-31-86
Млада,+7 (915) 583-75-07
Татьяна,+7 (473) 255-42-28
Микс,+7 (915) 582-33-89
Март,+7 (908) 144-02-21
ПоАдресу,+7 (473) 235-18-18
Lara,+7 (473) 246-18-25
Эффект,+7 (952) 952-37-86
Lion,+7 (903) 030-37-73
Анжелика,+7 (951) 872-61-15
Beauty Bar,+7 (951) 547-93-05
Дива,+7 (906) 590-00-60
Имидж,+7 (473) 225-20-20
Аранси,+7 (930) 405-40-53
Венеция,+7 (952) 952-06-99
Izumrud,+7 (995) 621-70-47
Эйн clinic,+7 (920) 224-00-11
Izumrud,+7 (995) 621-70-47
ПодСнежНик,+7 (952) 956-26-67
Визаж,+7 (952) 102-59-70
Izumrud,+7 (995) 621-70-47
Graal,+7 (908) 143-12-13
Салон красоты № 1,+7 (473) 227-71-11
Эффект,+7 (473) 233-38-37
Gk Style,+7 (900) 960-53-21
Enjoy,+7 (920) 462-86-01
S-beauty bar,+7 (951) 130-81-40
Вдали от суеты,+7 (908) 135-27-93
Салон красоты № 1,+7 (473) 227-71-11
Элис,+7 (473) 275-50-59
Матрёшка,+7 (930) 400-62-22
Nelly Studio,+7 (952) 956-73-03
Мой стиль,+7 (473) 255-59-81
Образ,+7 (903) 650-78-49
Матрёшка,+7 (930) 400-62-22
Nelly Studio,+7 (952) 956-73-03
Perfection,+7 (952) 545-92-97
Новый имидж,+7 (473) 228-92-87
Под феном,+7 (950) 760-52-63
Crush Hair Studio,+7 (920) 422-08-27
Adel',+7 (960) 117-63-10
Crush Hair Studio,+7 (920) 422-08-27
Adel',+7 (960) 117-63-10
Vesna Nails,+7 (958) 735-73-07
Великолепный Век,+7 (919) 180-99-88
Декер 33,+7 (920) 455-63-63
Грильяж,+7 (920) 450-87-07
Ki-Ki,+7 (922) 490-36-36
Colibri,+7 (951) 556-50-00
Fashion,+7 (473) 327-17-77
Студия красоты,+7 (977) 174-07-10
El chica beauty,+7 (950) 765-80-70
Molly,+7 (908) 149-89-91
Anvita Cosmetology,+7 (473) 233-25-70
Лоск,+7 (952) 559-65-58
Amur Nails,+7 (960) 105-70-70
Стрижка,+7 (960) 125-00-65
НормА,+7 (952) 109-60-90
Mon plaisir,+7 (473) 258-39-29
Три копейки,+7 (920) 412-93-16
Клеопатра,+7 (920) 533-27-97
Soul Art Nails,+7 (920) 439-33-09
Mindal,+7 (960) 110-35-36
Мир красоты,+7 (996) 451-09-71
Пирамида,+7 (920) 400-94-93
Наталия,+7 (963) 358-31-19
Opera,+7 (900) 957-93-35
Dreams beauty,+7 (929) 010-48-48
Ангел 36,+7 (908) 132-44-16
Lei,+7 (900) 925-28-35
Tochilina Beauty Zona,+7 (900) 949-80-72
Omolon,+7 (900) 951-14-74
Мир красоты,+7 (473) 279-18-21
Julia Kireeva,+7 (951) 878-50-44
Like,+7 (952) 105-77-67
KatLer Beauty Club,+7 (995) 250-25-20
Sb Beauty Studio,+7 (900) 300-90-20
Кактуs_off,+7 (900) 958-40-58
Миледи,+7 (920) 469-99-66
Автограф,+7 (903) 654-35-04
Preslife,+7 (920) 221-86-70
Coiffeur & Beaute,+7 (952) 953-89-85
Happy look,+7 (951) 548-31-61
Lady,+7 (980) 539-88-38
Nail-студия Татьяны Анисимовой,+7 (906) 588-20-12
Pro_lashessssss,+7 (920) 227-94-22
Konoplina_nails,+7 (910) 248-57-27
Lady совершенство,+7 (904) 214-37-36
Svet,+7 (900) 950-83-70 (доб. 0)
Keratin Devil,+7 (995) 655-69-29
Серебро,+7 (902) 285-89-59
A-Vision,+7 (473) 233-16-25
Анси,+7 (473) 296-01-36
Легенда,+7 (920) 442-23-00
Марафет,+7 (992) 051-05-50
Wowdepil,+7 (900) 931-93-31
Victoria Beauty,+7 (910) 736-36-97
My Master,+7 (904) 214-71-14
Le. Ta,+7 (950) 760-75-46
Nami,+7 (900) 307-95-01
Chi-Chi,+7 (980) 555-77-66
Style Studio,+7 (920) 229-56-59
Студия эстетики волос Ольги Коньковой,+7 (915) 584-69-80
Чародейка,+7 (473) 235-09-43
Beauty studio Olin,+7 (908) 131-51-33
Color Mi,+7 (999) 405-76-66
Вид,+7 (473) 266-49-31
Тетро,+7 (952) 544-41-97
Парикмахерская № 1,+7 (473) 210-64-65
Beauty time,+7 (952) 950-50-05
Миндаль,+7 (900) 308-30-42
Студия Екатерины Огневой,+7 (995) 250-73-80
Маникюр Club,+7 (919) 243-05-05
Surina,+7 (908) 130-43-36
Стрижем & Красим,+7 (473) 251-73-28
ЦаЦа,+7 (962) 329-40-72
Воображуля,+7 (910) 024-00-24
Студия Красоты Семенец Ксении,+7 (980) 248-14-14
Модная Квартира,+7 (991) 408-31-39
Lady Boss,+7 (952) 548-70-03
Buzz,+7 (473) 210-49-19
Заря,+7 (473) 249-17-18
Kulikova-probeauty,+7 (914) 408-69-39 (доб. +79964507987)
Любимая,+7 (473) 292-11-96
Sunny Bunny,+7 (920) 427-44-50
У Тани,+7 (952) 100-28-00
Solo,+7 (900) 303-33-69
Helen Lab,+7 (906) 679-79-92
Мой салончик,+7 (473) 292-44-68
Волна,+7 (473) 294-94-63
Disnails,+7 (900) 307-90-70
Парикмахерская,+7 (922) 415-77-80
Студия Елены Фултон,+7 (980) 244-71-75
Косметик Ленд,+7 (473) 256-17-36
Стрижка Shop,8 (800) 505-25-02
Саваж,+7 (903) 851-13-83
Legenda,+7 (920) 442-44-33
Viшенка,+7 (910) 738-00-76
Фактор красоты,+7 (915) 581-83-27
Студия маникюра Елены Слепцовой,+7 (920) 438-42-20
"На стиле, на чиле",+7 (904) 111-05-35
Vibes Beauty,+7 (919) 187-66-91
Студия лысого барбера,+7 (903) 656-99-00
Ls studio,+7 (952) 104-45-76
Несахар,+7 (900) 953-53-89
Несахар,+7 (900) 953-53-89
Максимум,+7 (908) 781-60-31
Золотой Телец,+7 (951) 549-89-01
Skylab,+7 (951) 854-98-89
Magic White,+7 (951) 549-64-34
Waxdom_vrn,+7 (900) 961-90-86
Луна точка красоты,+7 (903) 854-25-25
LinaBrovv,+7 (951) 566-23-46
Sweet Dreams,+7 (920) 211-33-16
Easy Slip,+7 (960) 137-47-47
Sima,+7 (999) 530-56-93
Протея,+7 (909) 217-05-52
Sky beauty Room,+7 (966) 778-76-34
Волна,+7 (473) 276-38-28
Пудровые Брови by Julia Surogina,+7 (980) 233-26-49
Your nails,+7 (952) 953-57-32
Keratin by Vikabel,+7 (900) 276-56-76
Osoba,+7 (909) 210-21-21
Somova nail,+7 (952) 540-02-60
Золотое сечение,+7 (901) 193-38-49
White Studio Beauty,+7 (999) 750-96-39
Салон Массажа и Косметологии,+7 (980) 552-91-58
Kosmonail,+7 (904) 214-85-19
Zavisimost,+7 (900) 304-97-66
Trend,+7 (903) 655-87-79
Te. Ri,+7 (473) 333-55-00
Ника,+7 (920) 217-17-77
Катрин,+7 (952) 554-33-92
My Body Home,+7 (965) 782-61-64
Бьюти студия День Красоты,+7 (951) 543-72-59
Студия косметологии Светланы Куликовой,+7 (950) 771-41-56
Студия наращивания ресниц,+7 (953) 751-28-92
Egoistka,+7 (951) 850-56-33
Аура,+7 (903) 652-95-67
Nailby,+7 (473) 202-77-76
Sv7,+7 (900) 927-36-84 (доб. -)
Preslife,+7 (960) 104-23-23
Мастерская красоты,+7 (910) 288-96-06
Me Like,+7 (952) 103-65-55
Цирюльник,+7 (473) 229-85-72
Имидж,+7 (950) 766-22-32
Elkeratin,+7 (908) 136-80-43
Диадема,+7 (950) 773-51-07
Luna,+7 (900) 302-57-96
Мастер маникюра Иванова Е. Ю.,+7 (920) 432-66-22
Nordman,+7 (473) 228-88-13
Студия красоты - Gold Butterfly,+7 (980) 530-96-30
Салон красоты,+7 (900) 954-78-79
Стрижка № 1,+7 (910) 285-35-90
Парикмахерская,+7 (903) 858-46-86
New,+7 (950) 777-13-53
Beauty studio by Alina Konoplina,+7 (980) 535-75-45
Студия эстетики волос Ольги Коньковой,+7 (915) 584-69-80
Zhanna Kim Permanent makeup studio,+7 (961) 028-97-75
Beauty studio Яны Лариной,+7 (900) 956-99-66
Невская,+7 (908) 137-15-37
Dredus_studio,+7 (919) 536-28-80
Nail Room,+7 (920) 424-79-85
Darffin,+7 (952) 107-30-32
M Style,+7 (960) 123-72-32
Студия красоты Кристины Дмитриевой,+7 (999) 721-36-25
Уголок красоты,+7 (953) 119-98-03
Kh. Vladislava,+7 (980) 348-31-66
Nail Master Valeria,+7 (900) 961-52-63
ИП Скворцова Е.И.,+7 (908) 131-58-82
Elena Zaitseva,+7 (952) 542-86-86
Bronzage Bar,+7 (908) 133-03-94
Beauty Ok,+7 (960) 131-00-03
Империя Стиля,+7 (952) 109-59-59
Karina beauty,+7 (995) 250-16-62
1Masternails,+7 (920) 432-23-35
Beauty-крошки,+7 (920) 441-83-03
Eleven Nails,+7 (915) 541-63-11
La Vanda,+7 (906) 584-36-90
ArtBeaty_PROSTRANSTVO,+7 (930) 407-47-04
Колибри,+7 (920) 455-66-01
Парикмахер-колорист,+7 (914) 570-79-19
Твой стиль,+7 (951) 879-65-32
Фея Виктория,+7 (952) 103-48-45
Герасимова Алёна,+7 (920) 453-63-53
Студия перманентного макияжа,+7 (904) 006-68-86
Eco,+7 (930) 411-29-89
Deva,+7 (903) 654-57-02
Тифлис,+7 (473) 239-36-00
Suliko Belucci,+7 (920) 427-44-44
Кинто,+7 (930) 430-28-28
Bar Luskoni,+7 (473) 253-33-21
Форт,+7 (953) 119-06-33
Маранши,+7 (473) 259-77-99
Django bar & kitchen,+7 (910) 746-80-58
Studio 23,+7 (920) 223-23-23
Vasilchuki Chaihona № 1,+7 (473) 210-01-21
Optimist,+7 (473) 228-89-70
1917,+7 (473) 222-03-90
Старик Хинкалыч,+7 (905) 650-44-22
Real Cost,+7 (920) 414-82-17
ЗюЗя,+7 (900) 949-53-83
Sentimento,+7 (473) 273-73-73
Ампир,+7 (920) 211-61-11
Огни,+7 (900) 946-20-06
Старик Хинкалыч,+7 (905) 650-40-20
Brazeiro,+7 (473) 230-63-33
Burger House,+7 (473) 251-95-59
Fibona4i,+7 (919) 240-99-99
De Bassus,+7 (473) 259-77-22
Borjia,+7 (903) 859-70-78
Пандок,+7 (473) 260-40-94
The Voda,+7 (473) 269-40-50
Veranda,+7 (909) 214-74-34
Valentino,+7 (473) 233-12-33
Brasserie Lambic,+7 (473) 207-70-87
Мишка,+7 (930) 411-52-52
Вера Фёдоровна,+7 (919) 186-79-58
Maybe,+7 (900) 309-90-04
Veranda,+7 (473) 220-20-20
Barak O'mama,+7 (473) 255-00-99
Фестиваль,+7 (920) 402-06-67
Бахор,+7 (473) 228-12-22
У Бильбо,+7 (473) 241-88-00
Рица,+7 (952) 957-90-21
Бархат,+7 (919) 188-11-11
Ташкент,+7 (995) 040-06-19
44 Бистро,+7 (980) 554-43-75
Пивасий,+7 (920) 225-47-47
De Bassus,+7 (473) 202-45-70
Платонов,+7 (473) 212-15-00
Шафран,+7 (473) 202-41-41
Шаляпин,+7 (910) 287-78-78
Авиа-паб Авиатор,+7 (473) 250-95-59
Томато,+7 (473) 211-22-31
Status,+7 (473) 222-55-77
Нур,+7 (473) 265-82-44
Avenue,+7 (473) 206-58-58
Шашлык № 1,+7 (473) 230-45-04
Сорренто,+7 (473) 296-50-15
Тет-а-Тет,+7 (920) 400-48-13
Portofino,+7 (473) 239-90-87
Томато,+7 (473) 211-31-16
Айвенго,+7 (473) 224-16-26
Finch,+7 (960) 130-97-37
Оскар,+7 (960) 135-54-58
Троянда,+7 (950) 764-31-01
Pintagon,+7 (473) 233-85-11
Блинчик,+7 (961) 616-73-31
Le Kebab,+7 (950) 766-66-69
La Gastrobox,+7 (951) 567-64-13
Mybox,8 (800) 700-01-10
Pho Xin Chao,+7 (901) 704-10-36
Блинчик,+7 (960) 135-13-86
Paco,+7 (920) 409-99-69
Шоколадница,+7 (905) 051-39-03
Naturliche,8 (800) 250-74-22
Wаверма,+7 (952) 954-18-80
Шаурма Экспресс,+7 (926) 042-04-00
Русский Аппетит,8 (800) 700-33-73
Русский Аппетит,8 (800) 700-33-73
Русский Аппетит,8 (800) 700-33-73
Воронежфармация,8 (800) 201-36-00
Планета здоровья,+7 (473) 210-05-10
Воронежфармация,+7 (473) 260-20-56
Воронежфармация,+7 (473) 249-06-86
Здоровый Город,+7 (473) 255-55-33
Апрель,+7 (918) 200-90-01
Картинки,+7 (473) 228-40-28
Будь Здоров!,8 (800) 500-92-62
Фармаимпекс,8 (800) 700-91-19
Воронежфармация,+7 (473) 276-07-25
Алоэ,+7 (473) 206-65-95 (доб. 5328)
Зеленая аптека,+7 (473) 277-82-27
Клиническая аптека,+7 (473) 246-59-65
Алоэ,+7 (473) 206-65-95 (доб. 5134)
Яблоко,+7 (906) 677-73-66
Апрель,+7 (918) 200-90-01
Здоровый Город,+7 (473) 242-88-00
Картинки,+7 (473) 228-40-28
Воронежфармация,+7 (473) 263-07-53
Планета здоровья,+7 (473) 210-05-10
Vitaminka,+7 (473) 200-13-06
Аптека,+7 (473) 277-34-65
Будь Здоров!,8 (800) 500-92-62
Фармстиль,+7 (473) 296-90-37
Воронежфармация,+7 (473) 246-12-89
Апрель,+7 (918) 200-90-01
Аптека36.рф,+7 (473) 242-84-28
Апрель,+7 (918) 200-90-01
Власта,+7 (473) 228-06-14
Зеленая аптека,+7 (473) 269-18-41
Аптека,+7 (473) 242-42-25
Апрель,+7 (918) 200-90-01
Аптека 24,+7 (473) 278-15-78
Социальная аптека,8 (800) 100-01-03
Знакомая аптека,+7 (473) 240-07-77
Будь Здоров!,8 (800) 777-03-03
Зеленая аптека,+7 (473) 239-35-67
Фармаимпекс,8 (800) 700-91-19
Социальная аптека,8 (800) 100-01-03
Здравсити,8 (800) 500-92-62
Власта,+7 (473) 228-06-01
Будь Здоров!,8 (800) 777-03-03
Здоровый Город,+7 (473) 276-47-29
Планета здоровья,+7 (473) 210-05-10
Картинки,+7 (473) 228-40-28
Власта,+7 (473) 228-06-28
Экона,8 (800) 700-44-55
Воронежфармация,8 (800) 201-36-00
Алоэ,+7 (473) 206-65-95 (доб. 5139)
Социальная аптека,8 (800) 100-01-03
Здоровый Город,+7 (473) 236-43-55
Знакомая аптека,+7 (473) 249-66-49
Здоровый Город,+7 (473) 223-44-00
Яблоко,+7 (473) 233-23-03
Клиническая аптека,+7 (473) 265-43-40
Апрель,+7 (918) 200-90-01
Социальная аптека,8 (800) 100-01-03
Здоровый Город,+7 (473) 242-84-28
Социальная аптека,+7 (473) 280-26-80
Апрель,+7 (918) 200-90-01
Здоровый Город,+7 (473) 207-16-31
Воронежфармация,8 (800) 201-36-00
Аптечный пункт,+7 (473) 207-16-23
Картинки,+7 (473) 228-40-28
АптекаПлюс,+7 (473) 230-54-69
Социальная аптека,8 (800) 100-01-03
Алоэ,+7 (473) 206-65-95 (доб. 5255)
Власта,+7 (473) 228-06-03
Социальная аптека,8 (800) 100-01-03
Апрель,+7 (918) 200-90-01
Аптека,+7 (473) 279-45-13
Планета здоровья,+7 (473) 210-05-10
Моя аптека,+7 (473) 239-56-55
Власта,+7 (473) 228-06-21
Proff аптека,+7 (962) 349-60-65
Апрель,+7 (918) 200-90-01
Власта,+7 (473) 228-06-29
Мята,+7 (473) 202-32-84
Здоровый Город,+7 (473) 260-64-27
Городская аптека,+7 (473) 273-81-35
Аптека36рф,+7 (473) 272-19-87
Алоэ,+7 (473) 206-65-95 (доб. 5097)
Экона,8 (800) 700-44-55
Алоэ,+7 (473) 206-65-95 (доб. 5094)
Апрель,+7 (918) 200-90-01
Международная аптека,+7 (950) 761-84-28
Моя аптека,+7 (473) 277-26-46
Будь Здоров!,8 (800) 777-03-03
Власта,+7 (473) 228-06-30
Алоэ,+7 (473) 206-65-95 (доб. 5090)
Экона,8 (800) 700-44-55
Арета,+7 (919) 245-00-11
Здоровый Город,+7 (473) 265-00-24
Алоэ,+7 (473) 206-65-95 (доб. 5460)
Здоровый Город,+7 (473) 242-84-28
Городская аптека,+7 (473) 262-00-72
Витаминка,+7 (473) 200-13-86
Фармия,8 (800) 775-55-29
Здоровый Город,+7 (473) 207-04-53
Картинки,+7 (473) 228-40-28
Здоровый Город,+7 (473) 207-00-89
Ромашка,+7 (473) 295-05-78
Сана,+7 (473) 202-01-92
Здоровый Город,+7 (473) 272-30-15
Витамин,+7 (952) 951-34-13
Алоэ,+7 (473) 206-65-95 (доб. 5091)
Здоровый Город,+7 (473) 275-35-48
Социальная аптека,8 (800) 100-01-03
Апрель,+7 (918) 200-90-01
Здоровый город,+7 (473) 206-66-73
Социальная аптека,8 (800) 100-01-03
Аптека,+7 (473) 250-20-38
Картинки,+7 (473) 228-40-28
Апрель,+7 (918) 200-90-01
Фармия,8 (800) 775-55-29
Алоэ,+7 (473) 206-65-95 (доб. 5256)
Экона,8 (800) 700-44-55
36 Плюс,+7 (951) 555-98-66
Социальная аптека,8 (800) 100-01-03
Будь здоров!,8 (800) 777-03-03
Апрель,+7 (918) 200-90-01
Апрель,+7 (918) 200-90-01
Власта,+7 (473) 228-06-12
Картинки,+7 (473) 228-40-28
Здоровый Город,+7 (473) 242-84-28
Будь здоров!,8 (800) 777-70-03
Экона,8 (800) 700-44-55
Апрель,+7 (918) 200-90-01
Экона,8 (800) 700-44-55
Аптека36рф,+7 (473) 202-41-47
Картинки,+7 (473) 228-40-28
Аптека36рф,+7 (473) 202-41-47
Картинки,+7 (473) 228-40-28
Социальная аптека,8 (800) 100-01-03
Забота,+7 (473) 293-45-90
Социальная аптека,+7 (960) 442-78-10
Экона,8 (800) 700-44-55
Здоровый Город,+7 (473) 221-54-53
Экона,8 (800) 700-44-55
Картинки,+7 (473) 228-40-28
Апрель,+7 (918) 200-90-01
Власта,+7 (473) 228-06-23
Забота,+7 (901) 193-65-23
Цветная аптека,+7 (900) 304-42-40
Апрель,+7 (918) 200-90-01
Власта,+7 (473) 228-06-23
Забота,+7 (901) 193-65-23
Цветная аптека,+7 (900) 304-42-40
Социальная аптека,8 (800) 100-01-03
Здоровый Город,+7 (473) 269-06-41
Мелодия здоровья,+7 (961) 615-52-09
Здоровый Город,+7 (473) 242-84-28
Здоровый Город,+7 (473) 225-39-16
Здравсити,8 (800) 500-92-62
Сана,+7 (473) 202-01-91
Фармаком,+7 (473) 265-63-11
Аптека.ru,+7 (991) 326-35-19
Здоровый Город,+7 (473) 242-84-28
Здоровый Город,+7 (473) 225-39-16
Здравсити,8 (800) 500-92-62
Социальная аптека,8 (800) 100-01-03
Сана,+7 (473) 202-01-91
Фармаком,+7 (473) 265-63-11
Аптека.ru,+7 (991) 326-35-19
Аптека,+7 (473) 293-65-34
Фармаимпекс,8 (800) 700-91-19
Власта,+7 (473) 228-06-11
Аптека,+7 (473) 239-02-48
Будь Здоров!,+7 (939) 770-83-88
Апрель,+7 (918) 200-90-01
Здоровый Город,+7 (473) 242-84-28
Экона,8 (800) 700-44-55
Власта,+7 (473) 228-06-11
Аптека,+7 (473) 239-02-48
Будь Здоров!,+7 (939) 770-83-88
Апрель,+7 (918) 200-90-01
Здоровый Город,+7 (473) 242-84-28
Экона,8 (800) 700-44-55
Апрель,+7 (918) 200-90-01
Социальная аптека,8 (800) 100-01-03
АптекаПлюс,+7 (473) 202-00-41
Апрель,+7 (918) 200-90-01
Знакомая аптека,+7 (473) 254-77-61
Апрель,+7 (918) 200-90-01
Власта,+7 (473) 228-06-18
Здоровый Город,+7 (473) 202-78-08
Социальная аптека,8 (800) 100-01-03
АптекаПлюс,+7 (473) 202-00-41
Апрель,+7 (918) 200-90-01
Знакомая аптека,+7 (473) 254-77-61
Апрель,+7 (918) 200-90-01
Власта,+7 (473) 228-06-18
Экона,8 (800) 700-44-55
Фармия,8 (800) 775-55-29
Фармоград,+7 (952) 953-18-91
Социальная аптека,8 (800) 100-01-03
АптекаПлюс,+7 (473) 202-00-41
Аптека,+7 (473) 247-66-70
Весна,+7 (473) 275-64-24
АптекаПлюс,+7 (473) 202-00-41
Аптека36.рф,+7 (473) 242-84-28
Фармия,8 (800) 775-55-29
Фармоград,+7 (952) 953-18-91
Социальная аптека,8 (800) 100-01-03
АптекаПлюс,+7 (473) 202-00-41
Аптека,+7 (473) 247-66-70
АптекаПлюс,+7 (473) 202-00-41
Аптека36.рф,+7 (473) 242-84-28
Апрель,+7 (918) 200-90-01
Апрель,+7 (918) 200-90-01
Экона,8 (800) 700-44-55
Забота,+7 (473) 254-71-01
Социальная аптека,8 (800) 100-01-03
АптекаПлюс,+7 (473) 202-00-41
Апрель,+7 (918) 200-90-01
Цена красна,+7 (951) 555-94-26
Апрель,+7 (918) 200-90-01
Экона,+7 (473) 254-69-80
Забота,+7 (473) 254-71-01
Социальная аптека,8 (800) 100-01-03
Здоровый Город,+7 (473) 270-36-16
Яблоко,+7 (910) 746-80-04
Апрель,+7 (918) 200-90-01
Аптека Собо,+7 (473) 213-29-01
Власта,+7 (473) 228-06-25
Будь Здоров!,8 (800) 777-03-03
Забота,+7 (473) 254-71-01
Социальная аптека,8 (800) 100-01-03
Здоровый Город,+7 (473) 270-36-16
Яблоко,+7 (910) 746-80-04
Апрель,+7 (918) 200-90-01
Аптека Собо,+7 (473) 213-29-01
Будь Здоров!,8 (800) 777-03-03
Забота,+7 (473) 226-37-44
Забота,+7 (473) 292-96-13
Апрель,+7 (918) 200-90-01
Здоровый Город,+7 (473) 242-77-47
Социальная аптека,+7 (473) 260-62-36
Губернская аптека,+7 (473) 243-97-68
Ботаническая,+7 (473) 220-11-92
Забота,+7 (473) 292-96-13
Апрель,+7 (918) 200-90-01
Здоровый Город,+7 (473) 242-77-47
Социальная аптека,+7 (473) 260-62-36
Губернская аптека,+7 (473) 243-97-68
Ботаническая,+7 (473) 220-11-92
Здоровый Город,+7 (473) 296-09-71
Экона,8 (800) 700-44-55
Здесь аптека,8 (800) 700-30-24
Городская социальная аптека,+7 (473) 235-06-02
Социальная аптека,8 (800) 100-01-03
Губернская аптека,+7 (473) 243-97-68
Ботаническая,+7 (473) 220-11-92
Здоровый Город,+7 (473) 296-09-71
Зеленая аптека,+7 (473) 243-50-40
Экона,8 (800) 700-44-55
Здесь аптека,8 (800) 700-30-24
Социальная аптека,8 (800) 100-01-03
Апрель,+7 (918) 200-90-01
Социальная аптека,8 (800) 100-01-03
Социальная аптека,+7 (473) 280-18-80
Социальная аптека,8 (800) 100-01-03
Экона,8 (800) 700-44-55
Цена красна,+7 (473) 255-30-50
Экона,8 (800) 700-44-55
Здесь аптека,8 (800) 700-30-24
Городская социальная аптека,+7 (473) 235-06-02
Социальная аптека,8 (800) 100-01-03
Апрель,+7 (918) 200-90-01
Социальная аптека,8 (800) 100-01-03
Социальная аптека,+7 (473) 280-18-80
Цена красна,+7 (473) 255-30-50
Апрель,+7 (918) 200-90-01
Социальная аптека,8 (800) 100-01-03
Апрель,+7 (918) 200-90-01
Здравсити,8 (800) 500-92-62
Аптека.ru,+7 (915) 580-46-58
Здравсити,8 (800) 500-92-62
Аптека.ru,+7 (915) 580-46-58
Аптека36.рф,+7 (473) 202-41-48
Здесь аптека,8 (800) 700-30-24
Алоэ,+7 (473) 206-65-95 (доб. 5099)
Социальная аптека,+7 (473) 280-26-90
Эконом,+7 (473) 223-20-05
Фармоград,+7 (473) 206-63-14 (доб. 4)
Здоровый Город,+7 (473) 242-84-28
Здесь аптека,8 (800) 700-30-24
Селена Плюс,+7 (473) 241-76-17
Картинки,+7 (473) 228-40-28
Аптека36рф,+7 (473) 207-16-30
Здоровый город,+7 (473) 223-44-94
Алоэ,+7 (473) 206-65-95 (доб. 5092)
Алоэ,+7 (473) 206-65-95 (доб. 5092)
Здравсити,8 (800) 500-92-62
Картинки,+7 (473) 228-40-28
Сана,+7 (473) 276-61-77
Картинки,+7 (473) 228-40-28
Мелодия здоровья,+7 (906) 671-18-68
Мята,+7 (473) 202-32-89
Власта,+7 (473) 228-06-33
Apteka.ru,+7 (473) 202-08-73
Апрель,+7 (918) 200-90-01
Гера,+7 (473) 225-61-53
Здоровый город,+7 (473) 207-09-66
Здоровый город,+7 (473) 242-84-28
Аптеки Картинки,+7 (473) 228-40-28
Социальная аптека,+7 (473) 280-21-50
Социальная аптека,+7 (473) 280-26-10
Здоровый Город,+7 (473) 202-25-87
Мята,+7 (473) 202-32-86
Социальная аптека,8 (800) 100-01-03
Здоровый Город,+7 (473) 207-16-27
Апрель,+7 (918) 200-90-01
Апрель,+7 (918) 200-90-01
Будь Здоров!,8 (800) 777-03-03
Алоэ,+7 (473) 206-65-95 (доб. 5129)
Здесь аптека,8 (800) 700-30-24
Аптека,+7 (473) 220-61-25
Здоровый Город,+7 (473) 241-12-40
Социальная аптека,8 (800) 100-01-03
Картинки,+7 (473) 228-40-28
Апрель,+7 (918) 200-90-01
Аптека,+7 (980) 248-68-64
Картинки,+7 (473) 228-40-28
Аптека,+7 (473) 230-86-62
Зелёная,+7 (473) 290-03-90
Надежда-Фарм,8 (800) 100-80-63
Власта,+7 (473) 228-06-19
Здравсити,8 (800) 500-92-62
Здесь аптека,8 (800) 700-30-24
Здравсити,8 (800) 500-92-62
Зелёная аптека,+7 (473) 228-16-42
Картинки,+7 (473) 228-40-28
Здравница,+7 (473) 263-73-65
Здоровый Город,+7 (473) 273-41-00
Социальная аптека,8 (800) 100-01-03
Зеленая аптека,+7 (473) 251-26-67
Здоровый Город,+7 (473) 333-50-59
НормаФарм,+7 (473) 257-56-44
Алоэ,8 (800) 550-13-07
Аптека,+7 (473) 229-24-23
Наша аптека,+7 (473) 244-22-71
Здравсити,8 (800) 500-92-62
Социальная аптека,8 (800) 100-01-03
Социальная аптека,8 (800) 100-01-03
Здоровый Город,+7 (473) 207-16-20
Здравсити,8 (800) 500-92-62
Социальная аптека,+7 (473) 280-23-30
Забота,+7 (473) 294-60-15
Здесь аптека,8 (800) 700-30-24
Власта,+7 (473) 228-06-10
Социальная аптека,+7 (473) 280-26-60
Фармия,+7 (900) 301-77-87
Здоровый Город,+7 (473) 207-04-52
Фарматрейд,+7 (473) 300-43-93
Надежда,+7 (473) 296-78-23
Фармоград,+7 (473) 272-80-83
Юг Фарма,8 (800) 250-00-03
Забота,+7 (473) 227-16-27
Фармоград,+7 (473) 206-63-14
Апрель,+7 (918) 200-90-01
Мелодия здоровья,+7 (906) 671-18-58
Алоэ,8 (800) 550-13-07
Экона,8 (800) 700-44-55
Социальная аптека,8 (800) 100-01-03
Аптека,+7 (473) 296-78-71
Здравсити,8 (800) 500-92-62
Забота,+7 (473) 258-62-01
Здесь аптека,8 (800) 700-30-24
Социальная аптека,8 (800) 100-01-03
Здоровый Город,+7 (473) 264-78-86
Экона,8 (800) 700-44-55
Добряна,+7 (900) 962-13-70
Аптека.ru,+7 (960) 102-41-15
Здоровый Город,+7 (473) 261-88-73
Мята,+7 (473) 202-32-83
Социальная аптека,8 (800) 100-01-03
Здесь аптека,8 (800) 700-30-24
Мв фарм,+7 (473) 210-45-95
Аптека36.рф,+7 (473) 242-84-28
Экона,8 (800) 700-44-55
Аптека,+7 (473) 274-33-27
Apteka.ru,+7 (473) 223-20-05
Фарм-Гарант,+7 (473) 235-82-88
Семейная,+7 (473) 229-10-41
Социальная аптека,8 (800) 100-01-03
Здоровый Город,+7 (473) 220-06-70
Наша аптека,+7 (473) 244-67-51
Алоэ,+7 (473) 206-65-95 (доб. 5132)
Здоровый Город,+7 (473) 273-32-40
Семь дней,+7 (906) 588-53-78
Клиническая аптека,+7 (473) 260-64-33
Аптека.ru,+7 (473) 233-54-33
Здоровый Город,+7 (473) 280-24-64
Экона,8 (800) 700-44-55
Картинки,+7 (473) 228-40-28
Аптека,+7 (473) 293-85-13
Здоровый Город,+7 (473) 224-70-40
Наша аптека,+7 (473) 296-68-31
Ваша помощь,+7 (473) 241-34-13
Фармоград,+7 (473) 270-99-20
Здесь аптека,8 (800) 700-30-24
Аптека,+7 (473) 273-02-99
Здесь аптека,8 (800) 700-30-24
Здоровый Город,+7 (473) 242-84-28
Здесь аптека,8 (800) 700-30-24
Апрель,+7 (918) 200-90-01
Apteka.ru,+7 (473) 222-89-63
Алоэ,+7 (473) 206-65-95 (доб. 5499)
Мв Фарм,+7 (473) 202-38-02
Арника,+7 (952) 541-89-36
Эконом,+7 (473) 236-14-59
Здесь аптека,8 (800) 700-30-24
Картинки,+7 (473) 228-40-28
Фармия,+7 (980) 534-71-73
Фарма Тренд Плюс,+7 (473) 335-51-32
Добрый доктор,+7 (473) 327-16-62
Фармия,+7 (473) 243-97-68
Оранжевая аптека,+7 (473) 347-79-36
Девма,+7 (473) 257-44-40
Апрель,+7 (918) 200-90-01
Здоровый Город,+7 (473) 242-84-28
Апрель,+7 (918) 200-90-01
Апрель,+7 (918) 200-90-01
Аптека,+7 (473) 220-11-92
Эконом,+7 (960) 128-56-50
ФармаТрейд,+7 (473) 206-60-42
Апрель,+7 (918) 200-90-01
Сана,+7 (473) 295-45-94
Эконом,+7 (960) 122-06-31
Эконом,+7 (960) 135-78-66
Будь Здоров,8 (800) 777-03-03
Экона,8 (800) 700-44-55
Здесь аптека,8 (800) 700-30-24
Эконом,+7 (473) 268-86-77
Социальная аптека,8 (800) 100-01-03
Добрый доктор,+7 (473) 222-77-55
Сана,+7 (473) 202-74-87
Здравсити,8 (800) 500-92-62
Социальная аптека,8 (800) 100-01-03
Здоровый Город,+7 (473) 207-16-28
Эконом,+7 (906) 671-18-87
Власта,+7 (473) 228-06-24
Аптека.ru,+7 (915) 580-35-18
Орфей,+7 (473) 333-41-60
Экона,8 (800) 700-44-55
Забота,+7 (473) 235-04-04
Оникс,+7 (473) 279-28-36
Аптека.ru,+7 (962) 326-72-52
Здоровый Город,+7 (473) 243-03-10
Trend Plus,+7 (473) 262-79-77
Народная аптека,+7 (962) 349-22-78
Аптека36.рф,+7 (473) 260-64-33
Экона,8 (800) 700-44-55
Клиническая аптека,+7 (473) 260-64-27
Здесь аптека,8 (800) 700-30-24
Жемчужина,+7 (473) 220-09-01
Аптека.ru,+7 (952) 545-68-66
Здоровый Город,+7 (473) 241-73-34
Аптека,+7 (951) 869-44-77
Здесь аптека,8 (800) 700-30-24
Алоэ,8 (800) 550-13-07
Власта,+7 (473) 228-06-05
Воронежфармация,8 (800) 201-36-00
Картинки,+7 (473) 228-40-28
Мелодия здоровья,+7 (473) 223-20-05
Здоровый Город,+7 (473) 242-84-28
Арника,+7 (950) 779-02-10
Алоэ,8 (800) 550-13-07
Социальная аптека,8 (800) 100-01-03
Аптека,+7 (473) 202-25-87
Вита Экспресс,8 (800) 755-00-03
Аптека № 1,+7 (960) 114-03-00
Аптека,+7 (920) 460-63-84
Аптека,+7 (473) 241-56-61
Apteka.ru,+7 (991) 324-90-85
Цена красна,+7 (473) 210-47-88
Здравсити,8 (800) 500-92-62
Sana,+7 (473) 202-01-96
Здравсити,8 (800) 500-92-62
Юг Фарма,8 (800) 250-00-03
Мелодия здоровья,+7 (961) 615-52-09
Здравсити,8 (800) 500-92-62
Здравсити,8 (800) 500-92-62
АптекаПлюс,+7 (473) 230-41-81
Здравсити,8 (800) 500-92-62
Здесь аптека,8 (800) 700-30-24
Ассоциация новых независимых Аптек,+7 (901) 993-58-28
Аптека,+7 (473) 202-32-83
Юг Фарма,8 (800) 250-00-03
Апрель,+7 (918) 200-90-01
Сана,+7 (473) 202-99-11
Здравсити,8 (800) 500-92-62
Здравсити,8 (800) 500-92-62
Мельников Д. Л.,+7 (473) 206-63-14
АптекаПлюс,+7 (473) 202-00-41
Здравсити,8 (800) 500-92-62
Здравсити,8 (800) 500-92-62
Здесь аптека,8 (800) 700-30-24
Здравсити,8 (800) 500-92-62
Аптека Миндаль,8 (800) 777-22-33
Мельников Д. Л.,+7 (473) 206-63-14
Здравсити,8 (800) 500-92-62
Мелодия здоровья,+7 (962) 325-23-65
Мята,+7 (473) 202-32-85
Здесь аптека,8 (800) 700-30-24
Клиническая аптека,+7 (473) 202-41-48
Здесь аптека,8 (800) 700-30-24
Клиническая аптека,+7 (473) 241-73-34
Здравсити,8 (800) 500-92-62
Вита Экспресс,8 (800) 755-00-03
Здравсити,8 (800) 500-92-62
Здесь аптека,8 (800) 700-30-24
Здравсити,8 (800) 500-92-62
Аптека,+7 (930) 418-40-73
Здесь аптека,8 (800) 700-30-24
Здесь аптека,8 (800) 700-30-24
Сана,+7 (473) 202-99-44
Аптека.ru,+7 (962) 325-23-65
Здравсити,8 (800) 500-92-62
Здесь аптека,8 (800) 700-30-24
Аптека.ru,+7 (473) 223-20-05
Здравсити,8 (800) 500-92-62
Автомат Ресурс,+7 (930) 419-19-99
Сервис-моторс 36,+7 (930) 402-85-44
Quattrosto,+7 (473) 229-60-60
Автосервис на Ольховом,+7 (958) 735-71-66
ПроСТОмастер,+7 (919) 248-08-30
Vag,+7 (473) 292-46-16
Артсервис,+7 (473) 211-10-10
Автосервис,+7 (962) 326-40-88
Автоатлас,+7 (958) 735-72-37
Royal auto,+7 (966) 778-60-99
Автосервис,+7 (910) 749-27-74
СТО авто,+7 (473) 238-26-20
АвтоЗАЗ,+7 (473) 229-21-51
Березка,+7 (951) 852-66-99
A-service36,+7 (915) 543-36-66
CarTime,+7 (903) 852-15-53
Гамма сервис 36,+7 (920) 225-75-55
Carhelp,+7 (920) 228-68-81
Daewoo36,+7 (904) 211-81-99
MomAuto,+7 (473) 240-00-08
Гарант-авто,+7 (909) 214-86-99
Успех-777,+7 (958) 735-68-16
Sova,+7 (930) 417-17-77
ProCTOсервис,+7 (473) 229-35-49
Орбита,+7 (908) 147-02-03
СКМоторс,+7 (920) 221-88-58
Ак-36,+7 (919) 232-97-37
Kraft,+7 (473) 221-46-00
V8 Motors,+7 (473) 333-50-80
Автосервис,+7 (473) 230-16-30
Мастерская Комплексного Сервиса,+7 (905) 658-38-48
The Garage,+7 (473) 294-34-94
АвтомаG,+7 (920) 449-99-14
AutoSkill,+7 (951) 544-78-48
Автомаркет,+7 (473) 239-99-78
Мотор36,+7 (966) 778-93-26
Автосервис 24,+7 (960) 130-13-04
Papa Dizzel,+7 (473) 229-05-31
Автор,+7 (473) 268-97-40
ВасиличЪ,8 (800) 101-80-36
CarZone,+7 (473) 292-97-68
AvtoSeven,+7 (473) 229-59-29
AllAuto,+7 (980) 541-55-04
Рестарт,+7 (930) 011-50-05
GrandCAR Сервис,+7 (473) 212-20-00
В. В,+7 (473) 238-52-67
Автошина,+7 (473) 200-45-00
Индекс,+7 (473) 256-80-66
Дананг Авто,+7 (908) 136-28-92
АльфаТехЦентр,+7 (473) 222-01-01
Скорость,+7 (952) 548-95-40
ARTservice,+7 (908) 136-08-80
Авторемонт,+7 (952) 959-58-69
S-Auto,+7 (909) 215-57-24
Star Auto,+7 (952) 547-65-70
Автосервис,+7 (920) 222-22-88
Автосервис Тех. А. С.,+7 (910) 288-78-88
Добрый Авто,+7 (951) 543-14-17
Garage,+7 (900) 957-24-48
АвтоПартс Эксперт,+7 (473) 295-05-87
Автосервис,+7 (950) 764-81-40
Автосервис,+7 (473) 222-27-35
Авант-Авто,+7 (473) 212-05-00
Авторешение Воронеж,8 (800) 350-58-38
Первый дизельный,+7 (473) 207-97-97
3D Motors Team,+7 (951) 567-95-77
Автомастерская,+7 (908) 136-44-15
Авто 36,+7 (960) 136-29-77
АвтоДоктор,+7 (473) 232-10-80
Твой автосервис,+7 (900) 962-52-65
МЦ Сервис,+7 (473) 262-26-21
ProAvto36,+7 (920) 219-96-66
Автосервис,+7 (952) 952-10-83
Автосервис,+7 (961) 029-49-83
EcoBoost Service,+7 (903) 025-92-55
Автосфера,+7 (473) 228-67-86
NLCar,+7 (930) 404-44-01
Автолига,+7 (473) 296-05-63
АвтоКлад,+7 (473) 200-02-03
АвтоPULS,+7 (980) 552-79-89
Автошина,8 (800) 555-86-85
АвтоКлад,+7 (473) 200-02-03
36 Rvu,+7 (952) 951-90-81
Автосервис,+7 (473) 234-98-58
Автомастер,+7 (961) 180-47-77
Alliance,+7 (473) 224-51-16
ТурбоВрн,+7 (951) 557-45-05
Авто-Мастер,+7 (473) 239-49-32
136 Авто,+7 (952) 956-60-65
Автосервис Best Motors,+7 (903) 655-16-37
Автоэлектрик,+7 (951) 868-72-76
Автосервис Best Motors,+7 (903) 655-16-37
Автоэлектрик,+7 (951) 868-72-76
А1,+7 (473) 333-50-58
ПроСервис-Врн,+7 (920) 434-29-10
Kata_net,+7 (951) 865-65-43
Подорожник,+7 (951) 850-09-29
Стриж-Авто,+7 (980) 535-40-12
Автомеханик,+7 (952) 555-75-17
АвтоСпа,+7 (966) 778-00-45
Авто-Бум 36,+7 (903) 853-58-29
Автомастер,+7 (473) 263-78-11
Старт Авто,+7 (910) 749-72-72
Гранит Авто,+7 (473) 290-77-07
Авто цех,+7 (919) 239-25-35
Старт Авто,+7 (910) 749-72-72
Гранит Авто,+7 (473) 290-77-07
Авто цех,+7 (919) 239-25-35
Автошина,+7 (473) 200-33-55
Ремонт газелей,+7 (950) 756-60-07
Автоэлектрик36,+7 (903) 856-99-40
Hermes,+7 (903) 655-02-57
Garage85,+7 (900) 945-46-99
Автоуровень,+7 (951) 564-58-92
Dg_service,+7 (952) 959-22-55
Overdrive Garage,+7 (473) 222-07-07
Polirovka36,+7 (900) 300-31-41
Atf Service,+7 (905) 657-27-65
Атлантавто,+7 (910) 245-52-78
Вираж,+7 (952) 555-72-94
УАЗклуб,+7 (473) 295-55-51
Автосервис,+7 (952) 108-75-23
Авто Хаус,+7 (473) 279-95-60
Car-service,+7 (952) 559-17-67
Автосервис,+7 (473) 290-58-60
4x4 Vrn,+7 (473) 222-25-65
Kzk Гараж,+7 (900) 960-21-13
Астра Моторс,+7 (473) 227-28-27
Kzk Гараж,+7 (900) 960-21-13
Титан36,+7 (950) 757-77-67
Астра Моторс,+7 (473) 227-28-27
Скандинавия,+7 (910) 749-79-39
Чип-тюнинг,+7 (908) 138-59-85
Моторбокс,+7 (473) 229-97-71
РемонтАвтоГАЗ,+7 (919) 232-75-95
Авторемонт,+7 (952) 952-67-54
Alex-service,+7 (952) 102-27-72
Auto Reviz,+7 (951) 567-56-85
Шинторг,+7 (473) 210-64-33 (доб. 1)
Автодоктор,+7 (473) 249-51-63
Alex-service,+7 (952) 102-27-72
Сход-развал,+7 (951) 561-50-39
Шаровая 36,+7 (908) 137-73-19
АвтоЛюкс,+7 (473) 247-24-54
Pro Выхлоп,+7 (903) 030-76-17
АК Сервис,+7 (900) 299-03-39
Техника Краски,+7 (930) 410-25-75
Авторемонт,+7 (952) 952-67-54
Alex-service,+7 (952) 102-27-72
Сход-развал,+7 (951) 561-50-39
АвтоРем,+7 (995) 147-77-50
АвтоРеал36,+7 (950) 778-36-84
АК Сервис,+7 (900) 299-03-39
Монолит,+7 (903) 857-88-33
Jac,+7 (900) 308-67-03
Автосервис,+7 (473) 257-02-30
ЕвроТракСервис,+7 (995) 250-25-58
ВасиличЪ,8 (800) 101-80-36
Авторемонт,+7 (960) 122-88-68
КузовТек,+7 (905) 652-75-37
Воронежтурбо,+7 (473) 280-10-37
АвтоЛюкс,+7 (473) 247-24-54
Pro Выхлоп,+7 (903) 030-76-17
АвтоРем,+7 (995) 147-77-50
АвтоРеал36,+7 (950) 778-36-84
АК Сервис,+7 (900) 299-03-39
Ремонт газелей,+7 (952) 955-58-47
Rem Car,+7 (473) 292-12-36
Заря трак,+7 (930) 403-22-22
Энерджи сервис,+7 (903) 855-11-25
Nova,+7 (952) 952-53-13
Профи,+7 (951) 868-33-39
Воронеж Дизель,+7 (473) 212-21-21
Авто Srs,+7 (920) 447-12-12
Автосервис,+7 (919) 181-15-03
Ремонт газелей,+7 (952) 955-58-47
Rem Car,+7 (473) 292-12-36
Заря трак,+7 (930) 403-22-22
Энерджи сервис,+7 (903) 855-11-25
Nova,+7 (952) 952-53-13
Профи,+7 (951) 868-33-39
Воронеж Дизель,+7 (473) 212-21-21
Sto-pro,+7 (910) 738-00-88
Акпп-Сервис 36,+7 (920) 463-94-63
Автоэлектрик,+7 (926) 792-65-87
Автосервис,+7 (473) 290-39-63
РROпарктроник,+7 (952) 956-65-21
Профи,+7 (951) 868-33-39
Автосервис,+7 (908) 141-33-53
Автоэлектрик,+7 (926) 792-65-87
Автосервис,+7 (473) 290-39-63
РROпарктроник,+7 (952) 956-65-21
Автотехцентр на Тамбовском,+7 (900) 953-99-44
Antikor,+7 (903) 859-70-58
Вымпелавто,+7 (473) 261-72-35
Автоэлектрика,+7 (952) 953-35-25
Автоэлектрик,+7 (926) 792-65-87
Автосервис,+7 (473) 290-39-63
РROпарктроник,+7 (952) 956-65-21
Авто Сити Моторс,+7 (473) 200-80-20
СТО Газелей,+7 (900) 924-30-00
Автотехцентр на Тамбовском,+7 (900) 953-99-44
Antikor,+7 (903) 859-70-58
Проточка Тормозных Дисков,+7 (903) 859-70-58
Автосервис СВ,+7 (920) 229-11-10
Автосервис,+7 (960) 124-24-00
Сервис,+7 (952) 546-59-01
Серебряная звезда,+7 (952) 100-71-00
Развал-схождение,+7 (960) 642-33-48
Стартер-сервис,+7 (952) 953-41-65
Автосервис,+7 (473) 212-40-10
Автогеометрия,+7 (473) 254-19-45
Автосервис,+7 (960) 124-24-00
Сервис,+7 (952) 546-59-01
Серебряная звезда,+7 (952) 100-71-00
Jlr Сервис,+7 (920) 222-52-55
Автосервис,+7 (960) 129-83-25
На домкратах,+7 (960) 127-38-46
Лаборатория автокрасоты,+7 (952) 957-11-47
Auto-service36 Империя,8 (800) 333-85-80
Удаление вмятин без покраски,+7 (952) 104-06-43
СтоАвто,+7 (950) 764-81-40
Jlr Сервис,+7 (920) 222-52-55
Автосервис,+7 (960) 129-83-25
На домкратах,+7 (960) 127-38-46
Лаборатория автокрасоты,+7 (952) 957-11-47
Auto-service36 Империя,8 (800) 333-85-80
MBService,+7 (920) 227-51-41
РефСервис36,+7 (951) 857-93-73
Автосервис,+7 (920) 423-14-72
Ринг Авто Ford,+7 (473) 207-01-01
Шин-Эксперт,+7 (995) 147-86-31
Территория Ремонта,+7 (995) 036-11-00
SsangYong,+7 (473) 251-20-03
Территория Ремонта,+7 (995) 036-11-00
Idizel. vrn,+7 (950) 777-38-39
Ремонт стекла,+7 (952) 555-56-72
У Максима,+7 (951) 555-76-32
Дизель Сервис,+7 (473) 200-74-74
Дифраз,+7 (905) 050-50-31
ProMaster,+7 (951) 549-10-27
Галактика Авто,+7 (952) 956-49-10
Volvo Мотор Ленд,+7 (473) 212-29-46
Auto Motors 36,+7 (920) 436-37-35
Servak36,+7 (915) 544-92-53
Auto Motors 36,+7 (920) 436-37-35
Твоя машина,+7 (473) 257-00-77
АвтоПочин,+7 (903) 857-75-95
Авто Зона,+7 (920) 424-07-38
АвтоДон,+7 (473) 262-26-22
А-Драйв Volkswagen,+7 (473) 233-06-06
Автокод,+7 (910) 732-14-14
NoName,+7 (919) 232-60-00
ГрузАвто-36 Mercedes-Benz Trucks,+7 (473) 207-77-30
Автосервис,+7 (473) 228-81-13
Mobil1,+7 (919) 245-11-01
Магистраль,+7 (919) 240-49-48
Сокол,+7 (950) 775-52-22
Сокол,+7 (950) 775-52-22
Black Fish 36,+7 (900) 300-53-43
Moroz customs,+7 (951) 567-95-77
Автомастерская 36,+7 (951) 560-76-01
Ремонт авто Car-Prav,+7 (920) 211-72-04
Гараж-Авто,+7 (900) 310-76-49
Cepsa,+7 (960) 117-55-31
Cepsa,+7 (960) 117-55-31
Авто Бокс 136,+7 (920) 453-26-25
Успех 777,+7 (473) 222-57-34
Анм,+7 (900) 308-67-22
Fresh Сервис Kia,+7 (473) 211-11-27
Шиномонтаж,+7 (910) 241-16-15
Экспресс +,+7 (900) 926-77-40
Кристалл,+7 (915) 580-62-07
Шиномонтаж,+7 (910) 241-16-15
Экспресс +,+7 (900) 926-77-40
"Автосервис, автотехцентр",+7 (980) 247-90-47
ВД моторс,+7 (473) 212-21-77
"Автодиагностика, автоключи",+7 (910) 343-59-62
Грузовой Сервис,+7 (920) 219-99-59
Центр кузовного ремонта,+7 (920) 411-58-48
Евросервис,8 (804) 700-41-80
Nord,+7 (908) 137-82-00
Автоматик Врн,+7 (952) 954-04-35
Центр кузовного ремонта,+7 (920) 411-58-48
Евросервис,8 (804) 700-41-80
Мб-Кардан,+7 (953) 119-76-78
Камминз,+7 (473) 211-11-08
Альбатрос,+7 (960) 136-49-49
Авторазбор Медовка,+7 (950) 777-33-44
Автосервис,+7 (473) 232-01-36
Hybrid36,+7 (473) 293-16-70
Камминз,+7 (473) 211-11-08
Альбатрос,+7 (960) 136-49-49
АвтоТрансХолод,+7 (952) 547-24-20
Авторазбор Медовка,+7 (950) 777-33-44
Ремонт авто,+7 (908) 136-85-96
Звук вокруг,+7 (952) 956-96-23
Трак-зона,+7 (999) 403-01-01
Автосервис,+7 (906) 670-10-01
Автосервис,+7 (906) 670-10-01
Автосервис 136,+7 (900) 962-71-18
Jaguar Land Rover Автоград плюс,+7 (473) 200-05-05
Мега Авто,+7 (473) 280-19-08
Правка литых дисков,+7 (951) 876-68-74
Ds service,+7 (995) 621-41-29
Import Tuner,+7 (920) 228-23-33
Норд-байк,+7 (980) 245-06-32
Ниссан - А-Драйв,+7 (473) 263-44-50
"Автосервис, Шиномонтаж",+7 (908) 141-61-46
ПроСТО,+7 (908) 141-11-06
Ситроен-Suzuki,+7 (473) 221-77-44
Mjauto,+7 (920) 429-99-98
Шиномонтаж,+7 (952) 955-19-51
Ринг Авто Hyundai,+7 (473) 212-20-17
AutoLightsWorkshop,+7 (920) 447-26-08
Желтая Девятка,+7 (950) 750-76-69
Ателье ГАЗ Сервис,+7 (910) 041-58-56
Автосервис,+7 (903) 858-00-08
Дизель-Сервис,+7 (473) 247-05-55
Автосервис,+7 (920) 404-83-01
Автосервис,+7 (903) 858-00-08
Дизель-Сервис,+7 (473) 247-05-55
Автосервис,+7 (920) 404-83-01
Ринг Авто Gag Motor,+7 (473) 201-74-85
Шиномонтаж,+7 (980) 342-43-50
STO-pauk,+7 (904) 086-99-00
ProAVTOservice,+7 (920) 455-49-87
Gfa,+7 (473) 229-22-66
Автосервис,+7 (962) 325-37-48
Tang,+7 (952) 553-02-80
Центр кузовного ремонта,+7 (920) 411-58-48
Теплостар,+7 (473) 212-01-00
Автосервис,+7 (908) 144-22-34
Gfa,+7 (473) 229-22-66
Автосервис,+7 (962) 325-37-48
PetrolHeads Club,+7 (906) 670-01-60
Ремонт и покраска кожаных салонов,+7 (920) 229-57-38
Развал-схождение,+7 (920) 220-42-32
Mobil 1 центр,+7 (473) 256-18-82
ATGear,+7 (473) 295-42-08
Гур-Шар,+7 (952) 955-02-83
АвтоСервис,+7 (908) 133-31-21
Маяк,+7 (952) 955-19-51
Шин-Эксперт,+7 (961) 028-07-04
Шиномонтаж,+7 (900) 945-94-67
Пневмосервис,+7 (919) 249-28-27
Рембаза36,+7 (473) 292-42-01
Гараж Володи-Мастера,+7 (915) 544-94-80
Гараж Володи-Мастера,+7 (915) 544-94-80
Покраска,+7 (908) 149-09-47
Ремонт и обслуживание автомобилей,+7 (920) 436-60-51
На домкратах,+7 (960) 127-35-77
Новый Рим,+7 (951) 540-56-41
Alex-Auto. Vrn,+7 (961) 614-21-27
Автослесарь,+7 (951) 548-26-82
Омега,+7 (930) 424-65-85 (доб. 8 (952) 433-64-14)
Garage-Vrn,+7 (960) 102-42-22
Рустахосервис,+7 (960) 101-00-05
Рустахосервис,+7 (960) 101-00-05
Гараж22,+7 (919) 185-88-54
Грузовой Сервис,+7 (961) 187-81-38
136 Авто,+7 (473) 240-80-80
Домавто36,+7 (980) 348-85-61
Врн-авто,+7 (960) 108-52-02
Техцентр,+7 (920) 426-25-76
Шиномонтаж,+7 (900) 305-75-96
Автомобили Баварии БМВ,+7 (473) 212-32-96
Tsi сервис,+7 (952) 957-21-55
Bbs,+7 (960) 114-36-36
Jlr36 Motors,+7 (950) 758-74-56
Jlr36 Motors,+7 (950) 758-74-56
Шиномонтаж,+7 (952) 950-70-36
Кардан эксперт,+7 (473) 300-31-14
ProDrive,+7 (900) 929-98-47
Стартёр-генератор.рф,+7 (999) 722-08-52
Ринг Север Skoda,+7 (473) 233-33-88
АвтоLife36,+7 (906) 580-33-57
Ринг Север Skoda,+7 (473) 233-33-88
АвтоLife36,+7 (906) 580-33-57
Шиномонтаж,+7 (920) 229-35-19
Шиномонтаж,+7 (951) 560-95-38
Спецтехсервис,+7 (960) 111-22-32
АвтоГазМастер,+7 (906) 587-88-78
Ремонт карбюраторов,+7 (920) 216-47-77
Фонарь,+7 (988) 198-01-45
Город на Газу,+7 (951) 877-06-40
Citroen Автоград плюс,+7 (473) 200-05-05
Gm service,+7 (960) 104-21-75
Автоград плюс,+7 (473) 200-05-05
АБС-Сервис,+7 (473) 230-60-90
Автопрофи,+7 (950) 777-22-07
На все СТО,+7 (960) 137-66-77
ЦентрСервисЮг,+7 (473) 207-22-07 (доб. 1)
Евро Чип Тюнинг,+7 (473) 200-73-61
Лаборатория автомобильной электроники,+7 (920) 468-30-00
Ремонт грузовой техники,+7 (996) 308-92-21
Kamaz,+7 (473) 200-82-96
Ремонт и техническое обслуживание,+7 (961) 182-92-92
БелМтзЦентр,+7 (473) 220-45-92
АвтоШиноПочиникс,+7 (995) 036-59-90
Автоэлектрика,+7 (960) 108-50-89
Fresh Chery,+7 (473) 211-15-59
Profigazvrn,+7 (905) 658-77-23
Protector36,+7 (952) 542-24-18
ProCar Garage,+7 (905) 652-51-44
Автосервис,+7 (999) 721-49-96
АвтоТриалПрог,+7 (915) 549-40-71
5 Колесо,+7 (960) 112-32-14
Ринг Авто Север - официальный дилер Hyundai,+7 (473) 212-21-49
Volvo Trucks,+7 (473) 207-22-07
"Автосервис, автотехцентр",+7 (951) 877-16-29
Титан,+7 (950) 757-77-67
Norma,+7 (910) 340-50-99
Pezzaioli&Menci,+7 (473) 207-01-07
Автосервис,+7 (920) 432-96-95
Масленка,+7 (920) 449-44-04
Домаев и моторы,+7 (910) 244-11-52
Шин-Эксперт,+7 (995) 036-93-73
Кузовной ремонт,+7 (960) 115-30-20
"Автосервис, автотехцентр",+7 (915) 585-03-51
Alex Fitness,+7 (473) 212-00-86
Триэль New Fitness,+7 (473) 233-13-33
World Class,+7 (473) 261-59-99
Infiz Gym,+7 (995) 126-97-38
Svoy Fitness&SPA,+7 (473) 211-02-89
Дельта,+7 (473) 207-20-73
Sports Art,+7 (473) 255-50-77
Zavelskaya ProFitness,+7 (930) 419-89-89
Publica Fitness,+7 (473) 233-36-66
Корона,+7 (952) 959-85-70
Атмосфера,+7 (952) 951-45-35
Sport house,+7 (473) 207-02-85
Колизей,+7 (473) 276-00-26
Elefant,+7 (473) 228-14-08
Панацея,+7 (910) 732-07-02
Alex Fitness,+7 (473) 212-00-86
Ferrum,+7 (473) 228-56-54
Galaxy Fit,+7 (473) 261-81-81
SL Фитнес,+7 (920) 222-92-86
Volna,+7 (473) 200-79-84
Феникс,+7 (980) 249-51-60
Fat & Fit,+7 (952) 950-89-32
Колибри,+7 (915) 541-54-04
Вверх,+7 (952) 541-47-40
Purple Fitness,+7 (980) 538-94-54
Hot Form,+7 (900) 301-43-68
Рельеф,+7 (900) 948-08-26
Ultimatum,+7 (473) 260-32-48
X-Fit,+7 (473) 296-75-36
Драйв,+7 (952) 551-66-99
Имбирь,+7 (960) 133-08-08
MotusVita,+7 (910) 244-24-05
Volna,+7 (473) 200-79-84
Орехи,+7 (473) 202-00-77
Skach’OK,+7 (910) 245-89-10
Тренировка 36,+7 (966) 778-94-18
Вверх,+7 (952) 541-47-40
Red,+7 (980) 532-18-54
Женское фитнесс сообщество,+7 (915) 544-98-79
Volna stretching studio,+7 (473) 238-74-84
Fitness World,+7 (900) 944-86-67
Спортивный Цех,+7 (900) 961-04-85
Perfect Body,+7 (904) 212-82-29
Хот Форм,+7 (473) 258-65-00
VIP Wellness Club,+7 (960) 130-15-38
Мисс Стретчинг,+7 (910) 249-70-80
Wonderboxing,+7 (999) 401-42-47
Miss Stretching,+7 (915) 549-08-26
Колизей,+7 (952) 956-35-25
Фитнес-тренер Денисова С. С.,+7 (950) 757-36-60
Red,+7 (980) 532-18-54
Fitness World,+7 (900) 929-79-40
Студия пилатеса Алины Ширяевой,+7 (995) 669-68-91
Classic. Fit,+7 (950) 778-87-78
Лютик,+7 (992) 056-80-62
Мята,+7 (473) 211-03-70
Energy Fitness,+7 (952) 950-69-75
Jumpman,+7 (919) 247-41-17
ZolotoDanceStudio,+7 (980) 544-31-03
Forma,+7 (920) 222-02-98
Superstretching,+7 (960) 132-62-13
Белая Ворона,+7 (930) 426-94-26
Гармония,+7 (910) 343-59-84
Джампинг Locus,+7 (919) 243-06-69
Ideal Center,+7 (473) 232-00-43
Прайм Тайм,+7 (961) 661-66-16
Preslife,+7 (920) 221-86-70
Motion Сайкл Студия,+7 (995) 038-31-04
Victory Team,+7 (473) 228-14-08
Jumpman,+7 (919) 247-41-17
Jumpman,+7 (919) 247-41-17
Jumpman,+7 (919) 247-41-17
Фитнес для мам. Зумба,+7 (905) 051-96-00
Гоника,+7 (473) 292-27-72
Физическая Реабилитация,+7 (920) 211-69-69
Инструктор Zumba Струкова Н. В.,+7 (950) 750-24-36
Триумф,+7 (950) 771-63-57
Lady stretch,+7 (920) 441-81-11
Мой Зал,+7 (995) 037-41-55
Locus,+7 (919) 243-06-69
А студия,+7 (961) 786-41-33
Forma,+7 (920) 222-02-98
Jjstore.ru,+7 (473) 238-08-70
DNS,8 (800) 770-79-99
Байт,+7 (473) 207-01-02
Рет,+7 (473) 225-93-39
ТехМир,+7 (473) 295-46-05
DNS,8 (800) 770-78-88
Ситилинк,+7 (473) 233-11-11
Ipioneer,8 (800) 500-90-80
DNS,8 (800) 700-46-66
Ретехника,+7 (920) 218-52-90
DNS,8 (800) 770-79-99
БытОптТорг,+7 (473) 234-44-64
Всёсмарт,8 (800) 500-76-99
DNS,8 (800) 770-79-99
Байт,+7 (473) 206-63-44
Электроник,+7 (473) 207-01-23
Chipdip,+7 (473) 262-20-95
Appmart,+7 (965) 353-35-35
DNS,8 (800) 770-78-88
DNS,8 (800) 770-79-99
Ситилинк,+7 (473) 233-11-11
Re: Premium Apple Store,+7 (473) 201-65-76
DNS,8 (800) 770-79-99
ТехноЭконом,+7 (910) 284-13-32
DNS,8 (800) 770-79-99
DNS,8 (800) 770-79-99
Black Price,+7 (995) 251-44-00
МегаОпт,8 (800) 250-62-83
Позитроник,+7 (920) 228-81-92
Барахолка,+7 (929) 004-44-02
DNS,8 (800) 770-79-99
S. Store,+7 (473) 333-43-56
DNS Технопоинт,8 (800) 770-79-99
DNS,8 (800) 770-78-88
DNS,8 (800) 770-78-88
DNS,8 (800) 770-79-99
Орбита плюс,+7 (473) 259-21-81
Smart&Everest,+7 (473) 222-26-10
Хатико-Техника,+7 (473) 200-67-95
Miraphone,8 (800) 500-00-22
Телемеханика36,+7 (960) 121-80-00
IPark,+7 (966) 872-16-08
Cj Store,+7 (993) 727-59-41
DNS,8 (800) 770-79-99
ТВмаркет,+7 (920) 444-06-95
Хорошая связь,8 (800) 555-47-35
1 Цифровой Дисконт,+7 (951) 870-64-04
Лагнет,+7 (908) 132-29-63
ТехноДом,+7 (960) 136-33-00
Темп,+7 (473) 252-28-26
DNS,8 (800) 770-79-99
Сток,+7 (473) 292-07-54
Сатспейс,+7 (473) 201-60-59
Nts,+7 (930) 404-68-88
Prostocase,8 (800) 333-67-31
Samsung,+7 (473) 202-00-04
Straix Электроника и игрушки,+7 (906) 674-88-55
Барахолка,+7 (929) 004-44-02
"Techport.ru, пункт выдачи",8 (800) 555-87-78
AllTechnic,+7 (995) 147-37-48
Офис Джобса,+7 (967) 246-39-10
AppleMarket,+7 (900) 932-60-62
ТехноГрад36,+7 (930) 414-60-63
Связь. On,+7 (495) 741-88-85
DNS,8 (800) 770-79-99
Y-Tech,+7 (904) 211-33-03
Ijust,+7 (950) 771-80-00
Пульты и телефоны,+7 (473) 259-88-04
МТС,8 (800) 250-00-52
Tes,+7 (900) 308-09-08
Сток бытовой техники,+7 (930) 434-97-98
Офис Джобса,+7 (967) 246-39-10
Сотовик 48,+7 (904) 293-00-48
Гранула,+7 (930) 416-11-50
REDMOND Smart Home,8 (800) 600-90-21
DNS,8 (800) 770-78-88
Бытдеталька,+7 (920) 469-99-22
Миле,+7 (951) 850-78-98
IHelper,+7 (960) 128-88-00
Tes,+7 (952) 952-55-22
Ваш пульт,+7 (904) 213-35-94
ЭлитБыт,+7 (473) 222-20-74
Миле,+7 (951) 850-78-98
Notebook City,+7 (910) 282-57-77
IHelper,+7 (920) 444-43-55
IDevice,+7 (916) 772-78-84
Песня,+7 (473) 240-24-20
ТехноМания,+7 (960) 106-89-95
Телемеханика36,+7 (960) 121-80-00
Техно 27,+7 (920) 448-99-45
ParaGraf.ru,8 (800) 600-86-80
"ИнтерТорг, колл-центр",+7 (495) 150-75-59
Ситилинк,+7 (915) 581-46-84
Mi-hao,+7 (910) 752-21-10
Big-Snake Shop,+7 (951) 524-49-58
Strong Collection,+7 (920) 425-04-66
Pn store,+7 (980) 340-80-92
RoboRoom,8 (800) 200-88-60
Белоросс,+7 (473) 246-06-60
ЭлитБыт,+7 (473) 222-20-74
Xiaomi,+7 (473) 212-20-11
Газ-электроплиты,+7 (473) 246-00-33
Батарейка+,+7 (900) 303-24-08
iRobot,+7 (473) 228-30-30
The iStore,+7 (473) 210-04-51
Купи-Плиту.ру,8 (800) 511-57-88
Эконом Быт Тех,+7 (473) 269-50-31
Rainbow,+7 (473) 300-39-04
Мелодия,+7 (473) 270-08-34
SpezVision,+7 (473) 200-04-72
Запчасти для инструмента и бытовой техники,+7 (906) 674-75-70
Магазин бытовой техники,+7 (960) 101-75-71
Снежок,+7 (473) 202-35-15
БытХозТех,+7 (473) 224-50-41
Элевика,+7 (951) 864-79-02
Ситилинк,+7 (915) 581-41-42
Samsung,+7 (473) 228-43-44
Texno-Sity,+7 (951) 552-40-94
Ситилинк,+7 (910) 280-13-10
Thermshop,+7 (473) 300-31-39
Hauswelt,+7 (473) 261-16-00
Дельта,+7 (473) 300-38-83
Redmond Smart Home,8 (800) 600-90-21
Рет,+7 (473) 225-93-39
Дельта,+7 (473) 300-37-73
Texno_sity,+7 (951) 552-40-94
Эрмитажъ,+7 (473) 211-07-11
Рими,+7 (473) 229-99-96
Mi Smart Shop,+7 (961) 185-92-93
Домовой,+7 (473) 262-95-85
Всё для дома,+7 (473) 211-10-01 (доб. 282)
Порядок,+7 (473) 233-11-33
Арсенал товаров,+7 (473) 237-77-77
Спектр,+7 (473) 220-42-20
Всё для дома,+7 (960) 129-25-53
Порядок,8 (800) 770-77-06
Магазин Постоянных Распродаж,+7 (910) 732-43-43
Порядок,8 (800) 770-77-06
Fix Price,8 (800) 775-35-15
Порядок,8 (800) 770-77-06
Все для дома,+7 (952) 954-93-39
Магазин Постоянных Распродаж,+7 (980) 540-01-86
Шанс,+7 (473) 263-69-80
На Углях,+7 (910) 286-00-67
Комфорт,8 (800) 755-07-72
Центр Уникальных Товаров,+7 (903) 858-79-80
Fix Price,8 (800) 775-35-15
Галамарт,8 (800) 250-00-25 (доб. 4411)
modi,+7 (495) 660-12-05
Fix Price,8 (800) 775-35-15
Строитель,+7 (952) 552-95-49
Карат,+7 (473) 274-40-00
Товары для дома,+7 (920) 443-74-99
Fix Price,8 (800) 775-35-15
Ассорти идей,+7 (920) 434-12-72
Всё для дома,+7 (473) 211-10-01
Ассорти идей,+7 (920) 434-12-72
Nova,+7 (919) 185-69-57
Тортомастер,+7 (900) 307-09-70
Fix Price,8 (800) 775-35-15
Fix Price,8 (800) 775-35-15
Милый дом,8 (800) 505-95-12
Fix Price,+7 (499) 009-35-15
Радуга,+7 (473) 249-90-86
Клён,+7 (473) 246-20-14
Fix Price,8 (800) 775-35-15
Все для дома,+7 (952) 557-65-49
Завхоз,+7 (473) 263-70-28
Центр Уникальных Товаров,+7 (473) 257-31-40
1000 Мелочей,+7 (952) 953-73-93
Fix Price,+7 (499) 009-35-15
Все для дома,+7 (906) 588-84-93
TM Home,+7 (960) 101-87-77
Порядок,8 (800) 770-77-06
TM Home,+7 (961) 181-79-85
Сделай сам,+7 (920) 222-54-87
Хозмаркет,+7 (473) 269-06-03
Fix Price,8 (800) 775-35-15
Tik-style,+7 (903) 651-71-79
Fix Price,+7 (499) 009-35-15
Ассорти идей,+7 (920) 434-12-72
Fix Price,8 (800) 775-35-15
Солнце,+7 (930) 406-35-20
Ассорти идей,+7 (920) 434-12-72
Никольский,+7 (473) 228-77-37
Fix Price,8 (800) 775-35-15
Магазин Постоянных Распродаж,+7 (919) 240-04-25
TM Home,+7 (960) 101-87-77
Магазин Постоянных Распродаж,+7 (920) 411-86-00
Магазин Постоянных Распродаж,+7 (910) 281-80-00
Эколайн,+7 (960) 132-30-40
Магазин Постоянных Распродаж,+7 (473) 462-91-18
Всё для дома,+7 (952) 542-80-58
Fix Price,+7 (499) 009-35-15
На Все Строй,+7 (915) 545-42-95
Fix Price,+7 (499) 009-35-15
Ассорти идей,+7 (920) 434-12-72
1000 Мелочей,+7 (960) 137-64-25
Ассорти идей,+7 (920) 434-12-72
Fix Price,8 (800) 775-35-15
modi,+7 (495) 660-12-05
One Price,8 (800) 550-94-59
Семь Дней,+7 (473) 227-10-00
Абсолют,+7 (920) 203-28-48
Магазин Постоянных Распродаж,+7 (915) 543-11-77
Fix Price,+7 (499) 009-35-15
Уют Строй,+7 (911) 374-16-52
One Price,+7 (915) 582-38-48
Fix Price,+7 (499) 009-35-15
Ассорти идей,+7 (920) 434-12-72
Ассорти идей,+7 (920) 434-12-72
Fix Price,8 (800) 775-35-15
Лидер,+7 (473) 233-00-77
Пеликан,+7 (906) 590-67-11
Дисконт-Центр,+7 (962) 331-90-27
Ассорти идей,+7 (920) 434-12-72
Gumag.ru,+7 (920) 447-61-61
Хозторг,+7 (960) 106-37-33
Молоток36,+7 (952) 558-64-75
Fix Price,8 (800) 100-35-15
Fix Price,+7 (499) 009-35-15
Fix Price,8 (800) 100-35-15
Ассорти идей,+7 (920) 434-12-72
Группа компаний Все для уборки,8 (800) 333-10-45
Fix Price,+7 (499) 009-35-15
Fix Price,8 (800) 775-35-15
Ассорти идей,+7 (920) 434-12-72
Ассорти идей,+7 (920) 434-12-72
Всё для ремонта,+7 (920) 406-73-40
Ассорти идей,+7 (920) 434-12-72
Декомастер,+7 (473) 246-55-04
Ваш дом,+7 (473) 271-55-44
Ассорти идей,+7 (920) 434-12-72
1000 Мелочей,+7 (930) 402-33-35
Tupperware,+7 (950) 769-23-23
Fix Price,+7 (499) 009-35-15
Торговый дом Август,8 (800) 500-60-91
Дисконт-Центр,+7 (962) 331-90-03
Ассорти идей,+7 (920) 434-12-72
modi,+7 (495) 660-12-05
Три Гвоздя,+7 (473) 205-90-60
Распределительный центр Порядок,8 (800) 770-77-06
Ассорти идей,+7 (920) 434-12-72
Всё в дом,+7 (930) 410-99-91
1000 Мелочей,+7 (920) 404-17-51
Сантех-электро,+7 (903) 851-52-53
Ассорти идей,+7 (920) 434-12-72
Ассорти идей,+7 (47340) 2-16-05
Fix Price,+7 (499) 009-35-15
Центральный рынок,+7 (473) 300-40-10
Vaisselle,+7 (908) 135-57-49
Fix Price,+7 (499) 009-35-15
Галамарт,8 (800) 250-00-25
Fix Price,+7 (499) 009-35-15
Fix Price,+7 (499) 009-35-15
Viterkova Shop,+7 (910) 246-67-71
Цветные сны,+7 (473) 220-70-09
Zepter International,+7 (952) 951-56-46
Акцент,+7 (952) 951-12-65
Viterkova Shop,+7 (910) 246-67-71
Family,8 (800) 600-05-69
Камышинский текстиль,+7 (919) 256-65-03
Поль,+7 (980) 344-73-91
Pushe,+7 (900) 962-04-25
Fix Price,+7 (499) 009-35-15
Сельпоня,+7 (960) 112-34-41
Ворожея,+7 (920) 408-11-43
Fix Price,+7 (495) 902-50-00
Fix Price,+7 (499) 009-35-15
Институт полива,+7 (960) 111-59-57
Blanche,+7 (906) 224-57-22
Товары для дома,+7 (960) 122-22-65
Пудровые Брови by Julia Surogina,+7 (980) 233-26-49
Soho,+7 (473) 293-22-33
За стрижкой стрижка,+7 (903) 858-69-54
Lexistence,+7 (903) 420-01-10
Просто стрижка,+7 (473) 277-97-12
Быстро стрижка,+7 (960) 110-96-43
Familia Beauty,+7 (920) 211-82-11
Легенда,+7 (920) 222-44-33
Soho,+7 (473) 220-77-86
МиЛеди,+7 (910) 240-54-54
Vital,+7 (473) 251-96-20
За стрижкой стрижка,8 (800) 201-73-17
Чио Чио,8 (800) 600-65-16
ЛОКон,+7 (473) 233-49-18
Парикмахерская,+7 (473) 277-16-91
Allure,+7 (473) 255-35-63
Clair,+7 (473) 202-97-77
Просто стрижка,+7 (960) 125-40-64
ПодСнежНик,+7 (906) 678-22-81
Clair,+7 (473) 202-97-77
Darlen,+7 (910) 732-22-92
Форма,+7 (473) 226-75-47
Парикмахерская,+7 (999) 404-30-54
Фантазия,+7 (473) 225-41-83
Glen,+7 (903) 654-34-74
Авеню,+7 (919) 242-24-31
Просто стрижка,+7 (980) 533-38-39
Ars,+7 (473) 224-68-63
If today,+7 (910) 345-32-26
Natali,+7 (473) 203-06-00
Allure,+7 (473) 300-31-31
Фея,+7 (958) 735-60-46
Алина,+7 (473) 259-33-93
Ева,+7 (473) 251-25-25
Maestro,+7 (473) 271-51-74
Darwin,+7 (920) 455-56-60
Paris,+7 (473) 271-33-44
Zefir,+7 (910) 732-20-11
Чио Чио,8 (800) 600-65-16
Youstar,+7 (473) 211-54-01
Кеша хороший!,+7 (473) 228-95-05
The Salon,+7 (473) 210-80-40
Просто стрижка,+7 (980) 533-38-39
Френч,+7 (966) 778-73-44
Vyacheslav Svetkin studio,+7 (999) 720-99-17
Peony,+7 (473) 335-05-05
Чио Чио,8 (800) 600-65-16
Точка красоты,+7 (952) 951-74-10
Amore Mio,+7 (473) 229-38-59
Эффект,+7 (473) 233-38-37
Смайл,+7 (952) 558-55-52
Парикмахерская № 7,+7 (951) 878-47-12
Кстати,+7 (980) 232-88-80
Марракеш,+7 (473) 226-88-68
Pro Color,+7 (966) 778-99-85
Зебра,+7 (473) 262-29-29
Парикмахерская,+7 (473) 294-79-92
Стайл,+7 (473) 261-31-68
Beauty Hall Groupp,+7 (900) 951-48-48
Локон,+7 (473) 294-16-51
Лик,+7 (473) 234-33-44
Цирюльникъ,+7 (999) 403-22-19
Скарлетт,+7 (473) 291-36-54
DaVinci,+7 (473) 255-33-77
Лантана,+7 (900) 924-17-23
Для Вас,+7 (473) 296-72-61
Княжна Дарья,+7 (952) 104-39-08
Парикмахерская,+7 (930) 417-61-50
Полина,+7 (473) 291-31-85
Vazhnaya persona,+7 (473) 346-86-05
Любимая,+7 (473) 292-11-96
Черника,+7 (473) 207-04-25 (доб. 1)
Светлана,+7 (900) 304-73-41
My Time,+7 (960) 106-95-55
Лик,+7 (910) 340-76-19
Чио Чио,+7 (473) 212-40-30
Epicur,+7 (473) 271-29-15
Академия Красоты,+7 (473) 251-95-12
Орхидея,+7 (473) 240-62-25
Семья,+7 (473) 221-64-15
Цирюльник,+7 (920) 229-21-95
МуЖенек,+7 (950) 757-22-23
Shic,+7 (473) 237-61-62
Natali,+7 (473) 203-01-38
Cherry,+7 (473) 259-22-22
Этуаль,+7 (473) 276-50-60
Solovey,+7 (980) 556-22-80
СТ,+7 (958) 735-72-13
OldBoy,+7 (473) 202-90-01
Лиана,+7 (473) 220-95-07
Artishock,+7 (919) 240-12-12
ДиОль,+7 (900) 946-65-65
ПодСнежНик,+7 (952) 956-26-67
Элина,+7 (908) 149-55-74
Barhat,+7 (960) 117-63-10
Май,+7 (903) 850-15-56
Волна,+7 (473) 294-94-63
Эдем,+7 (473) 277-40-17
Три копейки,+7 (920) 412-93-16
Территория,+7 (950) 759-33-81
Богиня,+7 (904) 212-63-30
Парикмахерская,+7 (473) 236-55-79
Стрижка № 1,+7 (999) 404-39-05
За стрижкой стрижка,+7 (920) 459-09-45
Красим стрижём,+7 (903) 655-03-14
Олимп красоты,+7 (473) 253-20-32
Волна,+7 (473) 276-38-28
Вид,+7 (473) 242-80-42
Pilim&Krasim,+7 (960) 106-10-23
Эртан,+7 (473) 236-39-98
Апельсин,+7 (473) 276-97-96
Joy Beauty Club,+7 (920) 403-04-04
Trash,+7 (473) 238-79-36
Firma,+7 (473) 228-05-65
Просто стрижка,+7 (980) 533-38-39
Fiolet,+7 (908) 131-44-99
Ариадна,+7 (473) 234-02-41
Цирюльник,+7 (920) 229-27-91
Чародейка,+7 (473) 235-09-43
Mrs. Right,+7 (473) 280-10-20
New Style,+7 (473) 269-06-90
Мария,+7 (473) 267-82-88
Happy Baby,+7 (999) 404-73-72
Юлия,+7 (920) 211-66-79
Жемчуг,+7 (473) 280-18-18
Быстро Стрижка,+7 (960) 110-96-43
Чароит,+7 (951) 864-44-91
KuDri,+7 (961) 109-29-18
Каприз,+7 (473) 292-36-76
Сакура,+7 (900) 928-81-61
Юлия,+7 (920) 211-66-79
Быстро Стрижка,+7 (960) 110-96-43
Чароит,+7 (951) 864-44-91
KuDri,+7 (961) 109-29-18
Каприз,+7 (473) 292-36-76
Сакура,+7 (900) 928-81-61
Мп98,+7 (900) 931-24-06
Миндаль,+7 (950) 761-33-82
Леди,+7 (473) 229-94-29
Mint,+7 (930) 403-18-13
Enjoy,+7 (920) 462-86-01
Пинки,+7 (473) 205-26-76
Стиль,+7 (920) 402-29-76
Милена,+7 (473) 229-12-93
Парента сервис,+7 (473) 252-86-45
Пинки,+7 (473) 205-26-76
Стиль,+7 (920) 402-29-76
Милена,+7 (473) 229-12-93
Lika,+7 (951) 569-99-54
Катрин,+7 (960) 114-23-23
ОбраZ,+7 (473) 279-17-28
Антураж,+7 (903) 855-60-78
Ассоль,+7 (473) 246-88-21
АРТиКА,+7 (952) 956-35-32
Мари,+7 (473) 255-90-27
Магнолия,+7 (473) 227-72-59
D'Paris,+7 (473) 255-09-15
Иван да Марья,+7 (900) 959-14-03
Марсель,+7 (903) 858-90-29
Вояж,+7 (908) 146-02-69
Эдем,+7 (966) 778-00-52
Hair boutique Meri Dzhanyan,+7 (980) 242-69-55
Быстро Стрижка,+7 (960) 110-96-43
Стрижка Shop,8 (800) 505-25-02
Парикмахерская,+7 (952) 546-59-60
Алла,+7 (473) 292-20-13
Ангелина,+7 (473) 257-51-57
Амплуа,+7 (900) 924-70-43
Салон красоты,+7 (473) 278-24-19
Франт,+7 (473) 201-60-61
Когтиточка,+7 (919) 246-48-56
Bliss,+7 (473) 296-43-83
Вершина,+7 (903) 858-15-43
Парикмахерская,+7 (952) 546-59-60
Алла,+7 (473) 292-20-13
Ангелина,+7 (473) 257-51-57
Амплуа,+7 (900) 924-70-43
Салон красоты,+7 (473) 278-24-19
Просто стрижка,+7 (980) 533-38-39
Family,+7 (920) 422-32-32
Oblako Volos,+7 (908) 137-57-47
Оксана,+7 (473) 247-06-72
Очаровашка,+7 (952) 953-03-10
Перец,+7 (473) 229-97-87
Быстро стрижка,+7 (960) 110-96-43
Эконом,+7 (909) 217-42-77
БиGуди,+7 (900) 303-59-22
Быстро стрижка,+7 (960) 110-96-43
Эконом,+7 (909) 217-42-77
БиGуди,+7 (900) 303-59-22
Дева,+7 (952) 545-95-73
Korona,+7 (473) 232-35-45
Сан Шайн,+7 (473) 252-62-43
Draiff,+7 (961) 028-86-68
ШармЭль,+7 (950) 751-76-00
Это я,+7 (473) 259-22-77
Премьера,+7 (903) 856-25-48
Performance,+7 (930) 403-20-00
Лотта,+7 (473) 223-09-02
Эвелина,+7 (904) 213-79-96
Вид,+7 (473) 241-41-86
Клаss!,+7 (920) 420-49-98
Заря,+7 (473) 249-17-18
Draiff,+7 (961) 028-86-68
ШармЭль,+7 (950) 751-76-00
Это я,+7 (473) 259-22-77
Премьера,+7 (903) 856-25-48
Эвелина,+7 (904) 213-79-96
Вид,+7 (473) 241-41-86
Клаss!,+7 (920) 420-49-98
Gk Style,+7 (900) 960-53-21
Стиль,+7 (473) 255-62-29
Grushka,+7 (905) 809-04-31
D A Studio,+7 (965) 483-33-35
Мармелад,+7 (952) 108-99-33
Цирюльник,+7 (473) 229-85-72
Невский,+7 (473) 235-07-04
Valery,+7 (473) 295-60-34
Райская Птица,+7 (473) 222-15-08
Восторг,+7 (473) 273-25-80
Performance,+7 (930) 403-20-00
Лотта,+7 (473) 223-09-02
Эвелина,+7 (904) 213-79-96
Цирюльник,+7 (473) 229-85-72
Элис,+7 (473) 275-50-59
Парикмахерская,+7 (473) 292-68-96
Невский,+7 (473) 235-07-04
Ваш стиль,+7 (951) 864-34-10
Valery,+7 (473) 295-60-34
Райская Птица,+7 (473) 222-15-08
Восторг,+7 (473) 273-25-80
Мари,+7 (473) 292-90-76
Империя стиля,+7 (951) 855-56-73
Пинки,+7 (473) 205-26-76
Имидж мастер,+7 (473) 263-80-60
D A Studio,+7 (965) 483-33-35
Цирюльник,+7 (473) 229-85-72
Элис,+7 (473) 275-50-59
Парикмахерская,+7 (473) 292-68-96
Невский,+7 (473) 235-07-04
Ваш стиль,+7 (951) 864-34-10
Империя,+7 (920) 408-28-67
Natali,+7 (473) 212-31-94
Парикмахерская,+7 (473) 230-38-04
Decker 33,+7 (920) 465-63-63
Твой день,+7 (952) 957-74-37
Очарование,+7 (473) 256-77-50
Fashion life,+7 (473) 296-11-96
Beauty Hall,+7 (951) 870-55-85
Парикмахерская,+7 (473) 230-38-04
Decker 33,+7 (920) 465-63-63
Твой день,+7 (952) 957-74-37
Очарование,+7 (473) 256-77-50
Пестова-салон,+7 (930) 415-15-37
Дарья,+7 (473) 263-82-13
Семейная парикмахерская,+7 (920) 557-47-24
Для всей семьи,+7 (951) 551-64-71
In Love,+7 (961) 188-90-21
Декер 33,+7 (920) 467-74-67
Leeloo,+7 (952) 957-85-79
Парикмахерская,+7 (473) 255-83-55
Живой локон,+7 (473) 273-47-20
Для всей семьи,+7 (951) 551-64-71
In Love,+7 (961) 188-90-21
Декер 33,+7 (920) 467-74-67
Leeloo,+7 (952) 957-85-79
Парикмахерская,+7 (473) 255-83-55
Живой локон,+7 (473) 273-47-20
Beauty studio 13,+7 (919) 240-13-13
Матрёшка,+7 (930) 400-65-55
Dea,+7 (952) 542-88-66
Студия Шульце,+7 (473) 300-31-86
Парикмахерская,+7 (473) 243-13-07
Beauty Space,+7 (920) 216-01-00
Быстро Стрижка,+7 (960) 110-96-43
Парикмахерская,+7 (473) 243-13-07
Beauty Space,+7 (920) 216-01-00
Utopia,+7 (980) 559-50-69
Lovely,+7 (905) 656-30-00
Эффект,+7 (952) 952-37-86
Анна-Лиза,+7 (473) 260-29-51
Магдалена,+7 (952) 956-71-90
Lovely,+7 (905) 656-30-00
Колечко,+7 (908) 144-57-32
ЛендаЛен,+7 (953) 119-29-77
Кайф бьюти,+7 (905) 657-13-13
Victory,+7 (951) 857-60-55
Эффект,+7 (952) 952-37-86
Love Hair,+7 (993) 459-80-81
Быстро стрижка,+7 (960) 110-96-43
Парикмахерская,+7 (473) 230-15-17
Sister’s,+7 (901) 093-30-62
Татьяна,+7 (950) 772-18-07
Стрижка Shop,8 (800) 505-25-02
Kate krasit,+7 (950) 757-92-96
Nelly Studio,+7 (952) 956-73-03
Салон красоты Moran,+7 (920) 455-99-44
Баттерфляй,+7 (473) 256-82-72
Магия Style,+7 (473) 296-12-28
Vrn Beauty,+7 (930) 011-89-69
Джем,+7 (929) 008-55-02
Свой,+7 (473) 202-19-00
Elvi,+7 (900) 951-06-46
София,+7 (951) 850-54-93
Beauty Break,+7 (900) 933-75-86
Магия Style,+7 (473) 296-12-28
Vrn Beauty,+7 (930) 011-89-69
Джем,+7 (929) 008-55-02
Свой,+7 (473) 202-19-00
Like,+7 (952) 105-77-67
Джулиана,+7 (473) 242-91-60
Бьюти Лайн,+7 (999) 402-06-47
Lara,+7 (473) 246-18-25
Золотой Телец,+7 (951) 549-89-01
МилИнна,+7 (473) 239-48-04
Глория,+7 (952) 956-00-30
Флоренция,+7 (473) 263-19-69
Джулиана,+7 (473) 242-91-60
Studio2b,+7 (950) 772-71-26
Natali,+7 (473) 203-01-23
Luna,+7 (960) 130-66-16
Bombifiz,+7 (906) 607-93-93
Аврора,+7 (473) 247-55-88
Темникова хэйр,+7 (960) 119-62-20
Место Красоты,+7 (951) 858-19-19
Марго,+7 (473) 291-35-94
Tropicana,+7 (910) 341-10-97
Мастер,+7 (958) 509-31-31
Успех,+7 (903) 859-32-25
Место Красоты,+7 (951) 858-19-19
Марго,+7 (473) 291-35-94
Tropicana,+7 (910) 341-10-97
Мастер,+7 (958) 509-31-31
Время красоты,+7 (903) 420-89-47
Студия красоты Ксении Саркисовой,+7 (920) 211-74-39
Парикмахерская,+7 (950) 771-95-19
Мириада,+7 (473) 229-03-08
Авангард,+7 (473) 263-82-62
MeLashes,+7 (952) 108-38-10
Beauty Technology Studio,+7 (980) 231-95-94
Tropicana,+7 (910) 341-10-97
Мастер,+7 (958) 509-31-31
Время красоты,+7 (903) 420-89-47
Студия красоты Ксении Саркисовой,+7 (920) 211-74-39
Fashion,+7 (473) 327-17-77
Миледи,+7 (920) 469-99-66
Тут стригут и красят,+7 (909) 216-66-69
MeLashes,+7 (952) 108-38-10
Beauty Technology Studio,+7 (980) 231-95-94
Стрижка Shop,8 (800) 505-25-02
VStudio,+7 (951) 561-24-24
Визаж,+7 (952) 102-59-70
ГребешОК,+7 (960) 131-49-40
Позитивчик,+7 (980) 532-20-14
Магия Красоты,+7 (920) 448-46-36
Image code,+7 (473) 254-54-09
Идиллия,+7 (930) 414-44-93
Фантазия,+7 (908) 146-93-84
Lane,+7 (951) 557-33-18
Дэми,+7 (903) 653-96-05
AColor Studio,+7 (952) 293-77-29
ГребешОК,+7 (960) 131-49-40
Soul,+7 (960) 105-80-05
Vikki,+7 (950) 775-60-92
Elkeratin,+7 (908) 136-80-43
Студия Красоты Семенец Ксении,+7 (980) 248-14-14
Стрижем & Красим,+7 (473) 251-73-28
Am Студия,+7 (992) 057-37-99
La Rose,+7 (919) 237-34-57
Omolon,+7 (900) 951-14-74
Darina,+7 (473) 226-08-98
Модное место,+7 (473) 255-85-65
Omolon,+7 (900) 951-14-74
Darina,+7 (473) 226-08-98
Moon,+7 (962) 332-00-61
Лиса,+7 (910) 287-31-61
Парикмахерская,+7 (920) 229-38-78
Алина,+7 (919) 249-00-16
Татьяна,+7 (473) 295-52-16
Парикмахерская,+7 (961) 186-66-28
Лиса,+7 (910) 287-31-61
Людмила,+7 (473) 278-57-74
Сатива,+7 (960) 106-59-12
Ты красивая,+7 (908) 131-94-38
Радуга,+7 (473) 241-09-12
Место под солнцем,+7 (473) 271-17-87
Татьяна,+7 (473) 255-42-28
Жасмин,+7 (951) 866-28-26
Beauty Bar,+7 (951) 547-93-05
RealNova,+7 (920) 211-40-01
Леди,+7 (952) 951-31-74
Глория,+7 (951) 561-99-72
Красотка,+7 (473) 231-88-77
Skin Line,+7 (927) 885-44-44
Атмосфера красоты,+7 (920) 222-96-89
Диана,+7 (473) 263-04-66
Рим,+7 (905) 170-59-68
Просто Стрижка,+7 (980) 093-31-85
Cosmoluxe,+7 (900) 951-51-30
Для всей семьи,+7 (900) 307-35-12
Base,+7 (980) 559-51-22
Base,+7 (980) 559-51-22
Элида,+7 (473) 247-54-77
S-beauty bar,+7 (951) 130-81-40
Краса,+7 (473) 249-10-00
Beauty Factory,+7 (919) 245-33-71 (доб. +79009302763)
Time стрижка,+7 (950) 750-05-77
Элит,+7 (473) 270-89-62
Ирина,+7 (473) 272-35-68
Beauty Studio N,+7 (980) 244-86-71
Vendetta,+7 (960) 116-06-60
Nordman,+7 (473) 228-88-13
El chica beauty,+7 (950) 765-80-70
Тициан,+7 (473) 273-58-08 (доб. 89507779567)
LlBeauty,+7 (960) 120-43-43
Beauty Lab,+7 (930) 423-44-23
Грильяж,+7 (920) 450-87-07
Марго,+7 (909) 213-32-92
Melanie,+7 (980) 533-94-36
Надлен,+7 (980) 548-92-12
Студия красоты,+7 (980) 341-63-88
White Fox,+7 (920) 452-53-14
BeautyStudio Frizz,+7 (900) 300-01-30
ЦаЦа,+7 (962) 329-40-72
Локон,+7 (951) 567-74-35
Герда,+7 (909) 211-59-28
Новый имидж,+7 (473) 228-92-87
Donchenko,+7 (910) 282-20-47
Ажур,+7 (952) 952-23-54
Asmix nails,+7 (950) 775-32-24
Edge,+7 (980) 547-80-84
Арина,+7 (473) 273-71-67
Arlett,+7 (995) 251-10-50
Ева королева,+7 (920) 425-73-13
Парикмахерская,+7 (920) 409-37-39
Альстромерия,+7 (473) 277-62-95
Моя стрижка,+7 (951) 555-78-99
Центр моды Николая Харьковского,+7 (473) 277-46-31
Студия красоты,+7 (977) 174-07-10
Профкосмо,+7 (995) 039-56-59
Pro Woman,+7 (950) 766-82-83
Massagio,+7 (952) 101-99-06
Soulmanica,+7 (951) 138-13-35
Арт-Стиль,+7 (473) 222-16-11
Бонжур,+7 (920) 417-74-26
Пудра,+7 (914) 173-81-14
Студия красивых волос Натальи Борисовой,+7 (920) 216-22-27
Диана стиль,+7 (950) 765-89-32
My Brilliant Smile,+7 (952) 954-43-86
Мэри,+7 (906) 680-03-89
Бьюти бокс,+7 (908) 137-90-08
Марафет,+7 (992) 051-05-50
StUdiO,+7 (951) 556-98-16
Презент,+7 (473) 247-22-27
Пелагея,+7 (906) 585-93-78
Милена,+7 (951) 855-79-96
Studio 7,+7 (930) 419-88-99
Гламур,+7 (951) 550-10-52
Моя Стрижка,+7 (951) 555-78-99
НормА,+7 (952) 109-60-90
Парикмахерская Ок,+7 (903) 030-60-16
Studio Lash up,+7 (900) 949-20-33
Perfect Hair Lab,+7 (920) 402-96-35
Эльен,+7 (952) 550-32-46
Лия,+7 (950) 770-26-51
ЛАКsheri,+7 (952) 555-03-06
Re brend,+7 (919) 180-46-36
Парикмахерская,+7 (951) 561-52-20
Beauty studio Olin,+7 (908) 131-51-33
Graal,+7 (908) 143-12-13
Perfection,+7 (952) 545-92-97
Студия Светланы Тереховой,+7 (473) 235-86-19
Развитие,+7 (473) 260-22-00
Room to me,+7 (473) 212-12-26
Idolhouse,+7 (958) 509-08-19
АСК Атриум,+7 (473) 232-31-19
Каменные Дома 136,+7 (473) 200-71-23
Домостроительный комбинат,+7 (473) 263-99-77
Воронежстройреконструкция,+7 (473) 260-65-50
Квартал,+7 (473) 200-07-12
Полесье,+7 (905) 048-53-48
ПГС Технологии,+7 (952) 954-49-32
РегионТехСтрой,+7 (473) 239-80-00
Лесничий,+7 (473) 204-52-36
Сити Строй,+7 (980) 340-08-88
Стройинвест,+7 (473) 222-55-30
Строй комплекс,+7 (473) 230-22-55
Корифей,+7 (473) 200-11-80
ТехноПрофиль,+7 (951) 556-60-26
Воронежское монтажное управление 2,+7 (473) 211-00-05
Проект инвест строй,+7 (473) 233-33-21
ТехноСтрой,+7 (952) 100-47-07
Специализированный застройщик ВМУ-2,8 (800) 500-92-22
СтройДомСервис,+7 (920) 444-48-88
Воронежская строительно-производственная компания,+7 (951) 864-89-82
СпецСтрой - строительство быстро возводимых зданий,+7 (960) 111-97-08
Автор Комфорта,+7 (910) 284-74-74
ГК Опора,8 (800) 551-45-77
АСК Атриум,+7 (473) 232-31-19
Техстрой 2007,+7 (473) 233-40-24
Выбор-ОБД,8 (800) 100-49-99
Газспецстрой,+7 (473) 205-10-00
Воронеж Град,+7 (473) 269-40-20
Акцент,+7 (473) 210-03-30
СК Гранд Строй,8 (800) 511-54-48
Степс,+7 (473) 272-70-71
Доместье,+7 (473) 229-86-34
Стройтранс,+7 (473) 222-41-95
Виктор Строит,+7 (951) 851-75-57
Святобор,+7 (473) 293-55-11
ВДК,8 (800) 700-47-36
Эверест,+7 (920) 229-90-66
РеконЭнерго,+7 (473) 260-72-71
РегионПроект,+7 (473) 255-88-86
Гринвич,+7 (473) 229-69-86
БПК,+7 (473) 229-21-64
Династия,+7 (909) 211-44-26
Легион,+7 (952) 558-02-59
Строительно-ремонтная компания Дон,+7 (473) 222-03-57
Паритет,+7 (473) 293-99-77
Сваи тут,+7 (920) 223-00-60
Евростиль,+7 (473) 228-15-36
СК Аркадия,+7 (473) 235-67-97
Ника,+7 (473) 260-23-63
Свай-Строй,+7 (908) 142-46-91
ЗемДорСтрой,+7 (473) 207-04-63
ПСТ Сервис,+7 (473) 239-06-02
Левобережник,+7 (473) 249-97-49
Силикатстрой,+7 (473) 914-57-04
Фасад,+7 (952) 956-24-41
Ростр,+7 (473) 239-76-71
Stelldom,+7 (473) 300-33-01
ГлавФундамент - винтовые сваи в Воронеже,8 (800) 700-62-82 (доб. 2)
Дальмонтажстрой,+7 (473) 212-07-77
Альянс,+7 (920) 229-57-92
Стройдом36,+7 (920) 212-39-90
Сму-4,+7 (473) 263-07-91
Фасадные Системы,+7 (910) 340-55-95
Офис продаж ЖК Дом на Набережной,+7 (473) 202-32-32
ТСК «Солнечный город»,+7 (950) 773-09-87
ГородСтрой36,+7 (960) 103-94-41
Группа строительных компаний Декор36,+7 (920) 445-15-85
Строительное управление 925,+7 (473) 200-12-15
Купи Сруб,+7 (960) 107-86-37
ТехноСтрой,+7 (473) 261-91-57
СК Реал,+7 (473) 254-04-99
ФФ-Строй,+7 (905) 652-75-22
SPA технология,+7 (473) 238-22-22
Промстрой-инвест,+7 (919) 186-08-71
ВДК,8 (800) 700-47-36
Строй Монтаж,+7 (473) 238-88-78
АСК Темп,+7 (960) 100-44-22
Стройальянс,+7 (473) 211-01-78
Строительная база 36,+7 (950) 769-33-97
Ремстрой,+7 (473) 261-50-40
СтройЭнергоБезопасность,+7 (473) 200-75-48
EcoTerem36.ru,+7 (951) 549-02-52
Вис,+7 (473) 250-24-77
РКС-Инжиниринг,+7 (473) 233-14-53
ДМКгрупп,+7 (950) 775-42-45
Реставратор,+7 (473) 233-41-75
EcoTerem36.ru,+7 (951) 549-02-52
РКС-Инжиниринг,+7 (473) 233-14-53
Парагон,+7 (473) 235-92-17
Еврокварц,+7 (473) 295-12-76
Желдорипотека,8 (800) 200-44-16
СтройБаза-Север,+7 (473) 299-52-49
Зерновые Технологии,+7 (473) 250-99-59
Бунин и К,+7 (903) 855-97-66
Яна,8 (800) 250-28-24
Авсень,+7 (920) 415-47-59
Строительные материалы,+7 (951) 878-89-72
СтройБаза-Север,+7 (473) 299-52-49
Внешторгстрой,+7 (473) 294-77-77
Бунин и К,+7 (903) 855-97-66
РегионСтройПроект,+7 (951) 850-94-15
Капремстрой,+7 (910) 749-74-76
Хаусфул,+7 (473) 229-27-85
Стенология,+7 (473) 202-03-65
Геоинпроект,+7 (473) 202-00-71
Русская Усадьба,+7 (473) 251-77-88
Sen-Stroy36,+7 (951) 559-36-46
Золотой колос,+7 (473) 256-38-96
Деревянные,+7 (920) 457-33-00
Ресайклердорстрой,+7 (473) 207-07-64
Стройматериалы,+7 (920) 440-59-22
Sen-Stroy36,+7 (951) 559-36-46
Золотой колос,+7 (473) 256-38-96
Дар,+7 (473) 228-93-09
Горспецстрой,+7 (961) 183-83-38
Орстрой,+7 (920) 429-05-04
Объединенная строительная компания,+7 (900) 930-40-93
Строймонтаж,+7 (473) 294-52-94
Стройоптхоз,+7 (473) 252-80-09
Атомспецмонтаж,+7 (473) 239-80-00
Центр продаж и строительства,+7 (473) 294-93-60
Дар,+7 (473) 228-93-09
Гидрокор,+7 (473) 251-60-25
Орстрой,+7 (920) 429-05-04
Объединенная строительная компания,+7 (900) 930-40-93
Артрей,+7 (930) 405-30-72
Стройлайн,+7 (473) 261-06-37
Стройоптхоз,+7 (473) 252-80-09
Центр продаж и строительства,+7 (473) 294-93-60
Спектр,+7 (473) 266-13-93
Госстрой,+7 (905) 644-37-24
Мигдаль,+7 (473) 233-32-94
Новые Перспективные Системы,+7 (905) 658-17-61
Privilege,+7 (473) 222-29-70
БинЭрит,+7 (950) 762-27-12
Атомспецмонтаж,+7 (473) 239-80-00
Центр продаж и строительства,+7 (473) 294-93-60
Дженерал-строй,+7 (473) 200-30-03
Privilege,+7 (473) 222-29-70
Кристалл,+7 (951) 011-08-01
Евролайнстрой,+7 (920) 453-28-78
Венда,+7 (999) 435-73-33
Госстрой,+7 (905) 644-37-24
Мигдаль,+7 (473) 233-32-94
Новые Перспективные Системы,+7 (905) 658-17-61
Privilege,+7 (473) 222-29-70
Первая Инвестиционная Компания,+7 (920) 400-99-47
Кристалл,+7 (951) 011-08-01
Квартал,+7 (910) 244-48-70
Венда,+7 (999) 435-73-33
Никас,+7 (473) 226-67-13
Стройконтекст,+7 (919) 237-77-46
ДСК,+7 (473) 263-99-77
Фриз,+7 (473) 260-41-70
ВРД,+7 (919) 240-69-02
Фриз,+7 (473) 260-41-70
ВРД,+7 (919) 240-69-02
Стройполис,+7 (951) 865-53-47
Возведение,+7 (473) 202-85-55
Стройдом,+7 (473) 276-84-99
СПИ,+7 (473) 228-01-17
Регион,+7 (473) 764-25-10
А групп,+7 (961) 181-02-22
ТФГ,+7 (900) 932-69-56
ТрастИнвестГрупп,+7 (920) 442-11-11
Спецстрой Воронеж,+7 (920) 226-72-88
Резерв строй,+7 (905) 653-87-29
Вира36,+7 (905) 050-88-22
Кровля и Изоляция,+7 (919) 011-65-65
СК Парламент,+7 (473) 275-80-08
АгроТехСервис,+7 (473) 210-62-52
АГРО Строй Гарант,+7 (903) 651-73-77
Научно-производственная фирма Современные технологии строительства,+7 (920) 225-16-32
Арт-Фасад,+7 (920) 215-15-43
Грин-строй,+7 (473) 221-21-21
КапиталСтрой,+7 (473) 240-49-18
Пмк-4,+7 (473) 246-45-31
Ай ти эс ЛТД,+7 (960) 106-49-38
АрхСтройЭксперт,+7 (915) 582-01-07
ВоронежТехСтрой,+7 (473) 200-23-06
АГРО Строй Гарант,+7 (903) 651-73-77
Научно-производственная фирма Современные технологии строительства,+7 (920) 225-16-32
Твой домик,+7 (961) 181-74-74
Медстройсервис,+7 (910) 324-25-47
РегионЖилСтрой,+7 (903) 651-44-57
Geon.ru,8 (800) 511-20-18
Научно-производственная фирма Современные технологии строительства,+7 (920) 225-16-32
Твой домик,+7 (961) 181-74-74
Медстройсервис,+7 (910) 324-25-47
Арт-Фасад,+7 (920) 215-15-43
Geon.ru,8 (800) 511-20-18
Пмк-4,+7 (473) 246-45-31
Легион,+7 (920) 425-85-85
Твой домик,+7 (961) 181-74-74
Медстройсервис,+7 (910) 324-25-47
СМУ 2021,+7 (906) 680-39-69
Арт-Фасад,+7 (920) 215-15-43
РегионЖилСтрой,+7 (903) 651-44-57
Грин-строй,+7 (473) 221-21-21
КапиталСтрой,+7 (473) 240-49-18
Виста Строй,+7 (910) 254-30-00
Geon.ru,8 (800) 511-20-18
Пмк-4,+7 (473) 246-45-31
Легион,+7 (920) 425-85-85
Искра,+7 (951) 545-15-10
Энергоинвест,+7 (920) 418-88-83
Ай ти эс ЛТД,+7 (960) 106-49-38
Geon.ru,8 (800) 511-20-18
Пмк-4,+7 (473) 246-45-31
Искра,+7 (951) 545-15-10
Торэкс Мр,+7 (915) 541-25-21
Бис,+7 (473) 280-19-59
Авд-к,+7 (920) 520-07-05
Су-98,+7 (920) 227-99-77
Велес-Спорт,+7 (473) 256-59-33
Вертикаль,+7 (952) 555-25-33
Бис,+7 (473) 280-19-59
Авд-к,+7 (920) 520-07-05
Су-98,+7 (920) 227-99-77
Велес-Спорт,+7 (473) 256-59-33
КомплектСтрой,+7 (900) 925-44-35
Виктория,+7 (915) 544-91-61
Вершина,+7 (900) 962-08-15
Олимп-Строй,+7 (961) 188-00-08
Ремстройпром,+7 (920) 229-31-33
Ремстройпром,+7 (920) 229-31-33
Энергостройпроект,+7 (950) 765-26-31
Меркурий,+7 (951) 564-77-75
ТехноКом,+7 (920) 211-61-29
ЭнергоСтрой,+7 (473) 231-64-30
ЭнергоТехМонтажСервис,+7 (473) 258-45-39
Профи групп,+7 (960) 104-44-41
АгроСтройКомплекс,+7 (960) 139-43-35
СтройТэп,+7 (905) 051-00-04
СК-Ритм,+7 (951) 861-30-28
Чистые ключи,+7 (980) 547-84-52
ВЛС Систем,+7 (473) 259-39-39
Виктория,+7 (920) 228-78-85
ДСК,+7 (473) 263-99-77
ЭлеваторСпецСтрой,+7 (900) 303-40-41
Экодом,+7 (900) 949-79-15
Стройвест,+7 (473) 239-38-48
Клинкер,+7 (960) 118-54-67
Агент блеск,+7 (926) 886-95-17
Чистый Выбор,+7 (900) 957-99-72
Clean&Go,+7 (900) 924-51-30
Чистая Польза,+7 (920) 213-14-15
Виларго,+7 (473) 228-94-74
Метла Сервис,+7 (908) 141-48-10
Кей-Клининг,+7 (473) 229-81-83
Инсайт,+7 (906) 594-20-70
Chisto-chisto36,+7 (900) 944-26-96
Клининг Старс,+7 (473) 254-63-42
Центр чистоты и порядка,+7 (910) 244-78-54
Сектор Чистоты,+7 (473) 240-04-20
Время Уборки,+7 (499) 346-63-32
Wooshcleaning service,+7 (919) 240-32-18
БлескСервис,8 (800) 700-84-38
Клининговая компания Экодом,+7 (952) 954-13-08
Реал инжиниринг 36,+7 (473) 269-55-44
Mega Group Клининг,+7 (952) 100-49-17
Агент блеск,+7 (926) 886-95-17
Чисто ЧистимК,+7 (910) 356-25-05
Панда,+7 (952) 102-44-76
Тетя Яся,+7 (952) 556-03-05
Chisto36,+7 (950) 801-85-02
Висбон,+7 (951) 554-43-43
Полный порядок,+7 (900) 951-33-99
Vip-клининг,+7 (958) 100-51-98
Cleanberry,+7 (995) 251-21-95
Энергия Чистоты,+7 (951) 548-00-96
Эко Сервис,8 (800) 201-48-53
Сквиджи,+7 (960) 123-66-23
Промсервис,+7 (908) 141-48-10
Wooshcleaning service,+7 (919) 240-32-18
Сектор Чистоты,+7 (900) 930-91-40
Mega Group Клининг,+7 (473) 256-56-18
Блеск,+7 (473) 229-89-98
Эко-Пром,+7 (473) 239-83-48
Pro Home Cleaning,+7 (900) 947-35-66
Конструкция,+7 (920) 420-93-33
Рассвет,+7 (920) 454-21-71
Laguna Cleaning,+7 (910) 346-94-67
Aqua concept,+7 (473) 346-86-12
Территория чистоты-36,+7 (900) 960-85-95
Мята,+7 (980) 547-21-21
ПроУборку36,+7 (951) 561-41-00
Клининград,+7 (473) 200-74-36
ПрофиЧисто,+7 (900) 307-55-77
Аренда оборудования для химчистки,+7 (951) 869-91-68
HomeLike,+7 (960) 111-17-70
Акватория Чистоты,+7 (915) 581-99-12
Aqua Concept,+7 (903) 654-24-45
Альфа Сервис центр,+7 (910) 346-76-24
Персонал+,+7 (924) 003-76-36
Cleantastic,+7 (995) 288-10-40
Альфа,+7 (950) 777-11-99
Aqua Concept,+7 (473) 290-65-04
Клин-С,+7 (905) 656-33-39
Эйбисиклининг,+7 (473) 272-71-11
Фея Чистоты,+7 (473) 290-09-19
Верина Помощь,+7 (473) 293-69-50
Алмаз,+7 (920) 218-06-05
Белый Лебедь,+7 (962) 330-13-33
Воронежская эколого-промышленная компания,+7 (473) 241-12-23
Эко Технология,+7 (473) 220-48-19
Limpezaklin,+7 (903) 650-70-07
Компания персонального сервиса,+7 (473) 261-70-30
